ACC,2017-01-02,1340.0,1357.449951,1339.0,1351.900024,194806
ACC,2017-01-03,1359.900024,1359.900024,1336.650024,1343.550049,167153
ACC,2017-01-04,1347.699951,1351.0,1315.150024,1319.400024,204877
ACC,2017-01-05,1330.5,1339.0,1320.099976,1332.849976,362924
ACC,2017-01-06,1338.0,1349.099976,1330.0,1333.900024,247931
ACC,2017-01-09,1343.699951,1343.699951,1316.5,1327.849976,135067
ACC,2017-01-10,1332.0,1337.349976,1314.050049,1319.599976,166426
ACC,2017-01-11,1325.0,1354.0,1320.0,1348.699951,399543
ACC,2017-01-12,1357.0,1361.0,1332.349976,1341.599976,282105
ACC,2017-01-13,1344.800049,1350.0,1327.699951,1329.5,101419
ACC,2017-01-16,1331.0,1339.900024,1325.0,1331.0,107466
ACC,2017-01-17,1333.0,1339.900024,1315.0,1328.900024,208483
ACC,2017-01-18,1337.75,1353.800049,1331.0,1349.699951,503533
ACC,2017-01-19,1351.0,1367.949951,1342.349976,1361.050049,561898
ACC,2017-01-20,1357.900024,1365.0,1315.0,1326.449951,380376
ACC,2017-01-23,1326.150024,1343.599976,1326.150024,1334.699951,205914
ACC,2017-01-24,1339.0,1362.0,1337.099976,1358.599976,834505
ACC,2017-01-25,1361.5,1413.0,1352.599976,1399.400024,743286
ACC,2017-01-27,1420.0,1440.0,1413.0,1430.650024,617354
ACC,2017-01-30,1428.800049,1440.0,1412.0,1428.400024,215574
ACC,2017-01-31,1415.25,1434.900024,1406.25,1413.5,186852
ACC,2017-02-01,1416.0,1476.150024,1412.5,1468.550049,399235
ACC,2017-02-02,1470.0,1470.0,1423.099976,1431.849976,305773
ACC,2017-02-03,1430.0,1439.349976,1408.050049,1423.900024,645997
ACC,2017-02-06,1412.099976,1502.75,1402.0,1480.150024,1276805
ACC,2017-02-07,1483.699951,1483.699951,1445.400024,1456.199951,290474
ACC,2017-02-08,1456.900024,1504.0,1456.900024,1497.099976,649755
ACC,2017-02-09,1497.150024,1512.050049,1477.599976,1485.5,373250
ACC,2017-02-10,1487.449951,1496.949951,1474.5,1486.949951,152607
ACC,2017-02-13,1492.0,1502.300049,1462.099976,1487.550049,232611
ACC,2017-02-14,1485.0,1487.0,1461.900024,1465.550049,229223
ACC,2017-02-15,1466.199951,1477.099976,1435.099976,1442.900024,266161
ACC,2017-02-16,1447.699951,1459.599976,1435.349976,1455.849976,166282
ACC,2017-02-17,1460.0,1474.599976,1452.099976,1465.699951,137686
ACC,2017-02-20,1467.300049,1477.900024,1455.550049,1460.650024,151885
ACC,2017-02-21,1452.5,1474.5,1448.199951,1467.449951,218786
ACC,2017-02-22,1470.0,1477.0,1443.400024,1447.599976,237273
ACC,2017-02-23,1448.900024,1453.900024,1427.949951,1438.099976,383587
ACC,2017-02-27,1443.449951,1443.449951,1410.800049,1417.5,241883
ACC,2017-02-28,1422.650024,1423.949951,1402.699951,1411.5,554038
ACC,2017-03-01,1416.0,1422.0,1406.449951,1408.949951,338182
ACC,2017-03-02,1417.650024,1438.849976,1401.650024,1407.849976,412473
ACC,2017-03-03,1405.0,1416.900024,1390.900024,1393.699951,239017
ACC,2017-03-06,1398.0,1407.400024,1388.550049,1393.449951,151011
ACC,2017-03-07,1395.0,1395.0,1383.0,1387.349976,290023
ACC,2017-03-08,1391.650024,1409.0,1386.300049,1397.949951,637044
ACC,2017-03-09,1387.449951,1424.400024,1386.699951,1401.949951,583817
ACC,2017-03-10,1407.0,1415.0,1395.949951,1400.0,279160
ACC,2017-03-14,1425.0,1429.949951,1408.550049,1415.400024,568073
ACC,2017-03-15,1426.0,1431.449951,1418.0,1420.400024,230384
ACC,2017-03-16,1428.900024,1431.0,1419.0,1422.0,284330
ACC,2017-03-17,1425.5,1427.900024,1403.300049,1411.5,248632
ACC,2017-03-20,1417.449951,1417.449951,1405.5,1408.699951,226054
ACC,2017-03-21,1411.0,1421.199951,1406.050049,1413.050049,165807
ACC,2017-03-22,1408.900024,1411.800049,1383.849976,1386.400024,157023
ACC,2017-03-23,1389.0,1404.699951,1380.400024,1400.75,195943
ACC,2017-03-24,1400.400024,1410.0,1393.099976,1396.449951,199030
ACC,2017-03-27,1396.449951,1403.0,1390.849976,1396.800049,362440
ACC,2017-03-28,1396.800049,1423.699951,1396.800049,1417.199951,300560
ACC,2017-03-29,1419.0,1435.099976,1417.0,1423.349976,314236
ACC,2017-03-30,1424.400024,1430.5,1412.5,1418.949951,405551
ACC,2017-03-31,1422.099976,1450.0,1422.099976,1446.050049,425733
ACC,2017-04-03,1470.0,1476.400024,1455.5,1461.949951,441124
ACC,2017-04-05,1462.349976,1477.0,1453.150024,1470.199951,282291
ACC,2017-04-06,1463.25,1494.949951,1458.550049,1489.75,286721
ACC,2017-04-07,1480.0,1489.5,1461.449951,1468.099976,186840
ACC,2017-04-10,1471.5,1478.0,1465.550049,1473.800049,161606
ACC,2017-04-11,1468.0,1493.550049,1458.050049,1489.900024,231632
ACC,2017-04-12,1482.349976,1507.75,1476.0,1494.550049,320691
ACC,2017-04-13,1490.0,1512.0,1487.25,1494.150024,567719
ACC,2017-04-17,1493.400024,1514.75,1475.0,1503.199951,559903
ACC,2017-04-18,1504.849976,1519.449951,1482.099976,1492.849976,356304
ACC,2017-04-19,1495.800049,1517.900024,1485.449951,1511.349976,457047
ACC,2017-04-20,1511.0,1522.0,1504.900024,1511.050049,279143
ACC,2017-04-21,1509.449951,1511.550049,1486.0,1495.449951,300211
ACC,2017-04-24,1518.0,1615.599976,1513.550049,1607.0,2098030
ACC,2017-04-25,1610.050049,1613.900024,1587.650024,1607.300049,539573
ACC,2017-04-26,1607.300049,1626.800049,1591.099976,1601.599976,526758
ACC,2017-04-27,1603.0,1644.849976,1589.050049,1636.0,481629
ACC,2017-04-28,1626.650024,1635.0,1606.050049,1626.550049,373117
ACC,2017-05-02,1625.0,1625.0,1570.0,1593.050049,357316
ACC,2017-05-03,1586.25,1620.0,1586.25,1608.550049,267323
ACC,2017-05-04,1613.900024,1632.0,1603.949951,1624.050049,373695
ACC,2017-05-05,1624.050049,1669.949951,1611.300049,1660.150024,586030
ACC,2017-05-08,1685.099976,1756.699951,1685.099976,1711.25,1432166
ACC,2017-05-09,1701.0,1728.849976,1696.5,1701.199951,563503
ACC,2017-05-10,1705.0,1711.300049,1673.599976,1690.349976,320293
ACC,2017-05-11,1698.0,1722.949951,1681.0,1689.300049,252482
ACC,2017-05-12,1691.900024,1699.949951,1656.199951,1679.849976,279447
ACC,2017-05-15,1682.199951,1710.0,1677.199951,1681.900024,218344
ACC,2017-05-16,1683.099976,1740.0,1683.099976,1729.650024,646805
ACC,2017-05-17,1729.5,1729.5,1690.099976,1694.050049,351398
ACC,2017-05-18,1683.900024,1690.699951,1664.5,1670.400024,189887
ACC,2017-05-19,1676.0,1704.5,1666.0,1675.400024,240074
ACC,2017-05-22,1692.949951,1692.949951,1616.300049,1626.849976,309082
ACC,2017-05-23,1635.0,1647.0,1603.550049,1627.5,339377
ACC,2017-05-24,1627.199951,1639.900024,1575.0,1582.949951,383499
ACC,2017-05-25,1580.0,1633.0,1571.400024,1619.699951,547632
ACC,2017-05-26,1615.0,1638.900024,1605.25,1632.349976,192687
ACC,2017-05-29,1633.099976,1654.0,1617.449951,1624.400024,277804
ACC,2017-05-30,1623.800049,1641.75,1595.050049,1635.150024,300631
ACC,2017-05-31,1636.0,1657.0,1628.550049,1637.050049,372747
ACC,2017-06-01,1632.199951,1664.300049,1631.650024,1658.099976,415312
ACC,2017-06-02,1662.25,1671.949951,1639.0,1643.0,185523
ACC,2017-06-05,1641.0,1658.0,1632.099976,1645.699951,269501
ACC,2017-06-06,1648.800049,1654.650024,1597.199951,1607.0,212244
ACC,2017-06-07,1606.0,1620.0,1600.0,1612.150024,243646
ACC,2017-06-08,1620.0,1624.0,1604.900024,1619.050049,136028
ACC,2017-06-09,1617.0,1625.0,1600.099976,1618.75,185520
ACC,2017-06-12,1613.099976,1624.5,1605.0,1608.5,208917
ACC,2017-06-13,1617.0,1641.849976,1608.050049,1615.800049,493750
ACC,2017-06-14,1613.0,1619.0,1584.5,1597.900024,308239
ACC,2017-06-15,1595.0,1615.0,1586.599976,1612.099976,178088
ACC,2017-06-16,1610.0,1647.449951,1601.0,1638.599976,337111
ACC,2017-06-19,1644.0,1657.0,1633.0,1641.599976,188158
ACC,2017-06-20,1644.800049,1656.599976,1630.300049,1652.650024,200634
ACC,2017-06-21,1647.650024,1661.0,1638.050049,1657.699951,246110
ACC,2017-06-22,1660.0,1674.150024,1646.0,1651.0,575938
ACC,2017-06-23,1653.900024,1655.949951,1626.400024,1636.699951,171707
ACC,2017-06-27,1641.0,1643.0,1570.099976,1578.550049,357014
ACC,2017-06-28,1573.0,1591.900024,1541.25,1580.050049,693964
ACC,2017-06-29,1591.650024,1611.900024,1572.099976,1579.949951,473658
ACC,2017-06-30,1573.25,1579.0,1555.449951,1568.050049,271195
ACC,2017-07-03,1569.900024,1590.699951,1566.949951,1587.599976,441205
ACC,2017-07-04,1591.599976,1605.650024,1570.0,1580.650024,193433
ACC,2017-07-05,1581.199951,1599.0,1572.050049,1594.449951,339033
ACC,2017-07-06,1597.650024,1621.449951,1588.0,1611.650024,282561
ACC,2017-07-07,1610.800049,1627.849976,1604.0,1609.349976,637713
ACC,2017-07-10,1620.0,1635.0,1619.5,1628.099976,58974
ACC,2017-07-11,1632.900024,1656.900024,1626.199951,1650.800049,340155
ACC,2017-07-12,1700.0,1710.0,1635.0,1705.949951,715522
ACC,2017-07-13,1707.25,1721.349976,1690.0,1703.550049,436829
ACC,2017-07-14,1701.0,1769.650024,1698.800049,1755.099976,787831
ACC,2017-07-17,1761.0,1776.900024,1725.050049,1747.400024,1021434
ACC,2017-07-18,1800.0,1809.0,1747.0,1759.5,2131367
ACC,2017-07-19,1767.849976,1775.25,1725.099976,1734.599976,433169
ACC,2017-07-20,1742.949951,1758.199951,1705.199951,1712.0,472443
ACC,2017-07-21,1718.0,1725.050049,1695.449951,1708.599976,352413
ACC,2017-07-24,1715.0,1739.0,1708.099976,1724.849976,356863
ACC,2017-07-25,1747.5,1747.5,1712.599976,1726.099976,338103
ACC,2017-07-26,1725.0,1732.349976,1697.949951,1706.349976,387084
ACC,2017-07-27,1712.0,1744.400024,1707.599976,1732.0,913927
ACC,2017-07-28,1738.800049,1758.0,1726.0,1731.199951,483594
ACC,2017-07-31,1736.0,1759.0,1728.300049,1733.199951,315048
ACC,2017-08-01,1743.0,1752.0,1731.599976,1737.75,217585
ACC,2017-08-02,1725.0,1775.0,1712.5,1772.099976,750288
ACC,2017-08-03,1778.0,1817.800049,1758.0,1810.599976,891266
ACC,2017-08-04,1793.5,1837.0,1793.5,1813.349976,572886
ACC,2017-08-07,1818.0,1827.0,1795.050049,1817.349976,257138
ACC,2017-08-08,1817.349976,1837.550049,1792.5,1812.150024,384643
ACC,2017-08-09,1809.949951,1831.0,1793.400024,1819.5,299512
ACC,2017-08-10,1813.900024,1813.900024,1770.0,1776.699951,335802
ACC,2017-08-11,1764.900024,1793.449951,1748.0,1760.550049,401900
ACC,2017-08-14,1764.800049,1793.5,1751.0,1784.800049,582994
ACC,2017-08-16,1785.599976,1816.75,1772.400024,1811.199951,378840
ACC,2017-08-17,1814.0,1824.900024,1771.349976,1780.099976,360577
ACC,2017-08-18,1773.599976,1804.949951,1764.099976,1794.300049,274644
ACC,2017-08-21,1809.0,1813.0,1785.099976,1792.599976,326985
ACC,2017-08-22,1798.900024,1804.5,1772.099976,1789.300049,452387
ACC,2017-08-23,1787.0,1806.0,1782.400024,1801.900024,220709
ACC,2017-08-24,1794.0,1803.599976,1775.050049,1781.5,245230
ACC,2017-08-28,1784.400024,1831.900024,1781.949951,1815.699951,512719
ACC,2017-08-29,1800.0,1816.699951,1786.050049,1801.5,396845
ACC,2017-08-30,1819.0,1830.0,1806.099976,1811.199951,206085
ACC,2017-08-31,1814.0,1817.550049,1793.5,1800.25,351473
ACC,2017-09-01,1794.0,1826.0,1794.0,1818.050049,270976
ACC,2017-09-04,1823.699951,1823.699951,1765.400024,1771.099976,470091
ACC,2017-09-05,1772.400024,1810.550049,1758.449951,1804.949951,550555
ACC,2017-09-06,1799.0,1816.0,1792.599976,1807.099976,413793
ACC,2017-09-07,1806.800049,1812.949951,1782.5,1786.75,301684
ACC,2017-09-08,1793.400024,1803.199951,1781.25,1791.25,175185
ACC,2017-09-11,1803.349976,1810.0,1792.5,1797.550049,201484
ACC,2017-09-12,1797.550049,1857.599976,1797.0,1851.25,686528
ACC,2017-09-13,1848.0,1869.949951,1838.199951,1843.75,518764
ACC,2017-09-14,1841.0,1855.0,1827.0,1844.849976,220654
ACC,2017-09-15,1840.0,1840.0,1811.050049,1820.699951,322787
ACC,2017-09-18,1827.199951,1847.550049,1822.050049,1825.849976,199639
ACC,2017-09-19,1832.699951,1833.800049,1812.0,1817.199951,201939
ACC,2017-09-20,1823.0,1824.900024,1778.099976,1786.050049,417936
ACC,2017-09-21,1786.949951,1789.300049,1742.449951,1749.800049,581400
ACC,2017-09-22,1745.25,1746.0,1680.0,1688.300049,386853
ACC,2017-09-25,1688.0,1692.0,1625.099976,1632.650024,604055
ACC,2017-09-26,1628.0,1648.900024,1617.400024,1632.099976,984590
ACC,2017-09-27,1644.0,1663.650024,1580.0,1589.75,657782
ACC,2017-09-28,1596.0,1669.5,1590.050049,1645.849976,1985462
ACC,2017-09-29,1660.0,1679.0,1643.25,1656.900024,642879
ACC,2017-10-03,1670.099976,1676.0,1642.0,1647.150024,468889
ACC,2017-10-04,1650.0,1662.0,1633.599976,1651.050049,279015
ACC,2017-10-05,1653.800049,1707.449951,1652.099976,1700.150024,677150
ACC,2017-10-06,1704.949951,1748.199951,1704.599976,1739.599976,1083633
ACC,2017-10-09,1740.0,1759.800049,1721.699951,1728.150024,399398
ACC,2017-10-10,1726.0,1750.0,1726.0,1734.050049,307959
ACC,2017-10-11,1745.0,1749.0,1707.25,1715.449951,232277
ACC,2017-10-12,1719.199951,1747.0,1711.050049,1741.050049,250493
ACC,2017-10-13,1745.0,1774.0,1735.0,1770.050049,342499
ACC,2017-10-16,1776.0,1796.900024,1770.050049,1789.699951,407115
ACC,2017-10-17,1790.0,1818.0,1767.050049,1792.5,1224581
ACC,2017-10-18,1810.0,1810.050049,1777.800049,1783.75,493200
ACC,2017-10-19,1785.0,1786.949951,1752.75,1765.150024,65846
ACC,2017-10-23,1770.300049,1790.0,1744.900024,1781.0,318547
ACC,2017-10-24,1792.0,1806.099976,1773.699951,1777.699951,300472
ACC,2017-10-25,1785.050049,1813.949951,1785.0,1801.199951,395507
ACC,2017-10-26,1803.699951,1806.900024,1776.550049,1782.449951,369959
ACC,2017-10-27,1785.949951,1801.949951,1773.0,1783.150024,209531
ACC,2017-10-30,1795.0,1829.949951,1789.150024,1819.550049,342673
ACC,2017-10-31,1821.0,1837.0,1805.0,1809.5,230679
ACC,2017-11-01,1815.0,1834.900024,1815.0,1823.349976,242596
ACC,2017-11-02,1832.650024,1835.0,1796.349976,1799.400024,285996
ACC,2017-11-03,1805.099976,1817.449951,1795.0,1805.199951,175743
ACC,2017-11-06,1801.0,1814.349976,1792.0,1803.699951,150563
ACC,2017-11-07,1809.849976,1816.150024,1776.349976,1790.0,280958
ACC,2017-11-08,1798.900024,1808.349976,1775.300049,1787.800049,216455
ACC,2017-11-09,1787.0,1794.349976,1754.25,1760.599976,246612
ACC,2017-11-10,1754.849976,1775.050049,1745.0,1754.300049,326910
ACC,2017-11-13,1750.0,1772.849976,1740.449951,1756.75,252028
ACC,2017-11-14,1756.75,1779.0,1733.400024,1743.050049,507067
ACC,2017-11-15,1739.0,1783.650024,1730.0,1770.849976,287280
ACC,2017-11-16,1778.0,1804.0,1776.050049,1795.650024,350500
ACC,2017-11-17,1803.800049,1815.099976,1756.400024,1763.050049,333601
ACC,2017-11-20,1745.550049,1754.199951,1703.199951,1707.050049,430562
ACC,2017-11-21,1709.599976,1725.0,1695.550049,1705.300049,421133
ACC,2017-11-22,1710.0,1734.0,1707.0,1722.25,243579
ACC,2017-11-23,1728.0,1731.550049,1707.0,1712.25,205184
ACC,2017-11-24,1715.0,1722.949951,1694.0,1697.699951,417662
ACC,2017-11-27,1694.849976,1698.0,1675.0,1693.300049,731696
ACC,2017-11-28,1699.0,1699.0,1677.0,1681.25,294470
ACC,2017-11-29,1680.900024,1695.599976,1675.0,1682.5,254772
ACC,2017-11-30,1674.099976,1690.949951,1662.050049,1667.900024,338546
ACC,2017-12-01,1672.400024,1705.650024,1670.099976,1676.650024,335363
ACC,2017-12-04,1680.0,1702.800049,1671.0,1694.050049,567295
ACC,2017-12-05,1693.0,1705.400024,1675.0,1698.199951,511893
ACC,2017-12-06,1692.0,1701.0,1682.599976,1690.099976,386630
ACC,2017-12-07,1688.099976,1712.0,1688.0,1703.449951,165606
ACC,2017-12-08,1708.0,1760.050049,1702.550049,1746.949951,317725
ACC,2017-12-11,1751.099976,1774.349976,1727.949951,1732.800049,578101
ACC,2017-12-12,1735.0,1743.449951,1702.400024,1710.25,336179
ACC,2017-12-13,1707.5,1734.900024,1696.099976,1706.0,1168523
ACC,2017-12-14,1714.400024,1721.949951,1676.150024,1688.199951,743599
ACC,2017-12-15,1704.849976,1707.800049,1689.099976,1696.5,199962
ACC,2017-12-18,1687.599976,1708.650024,1655.5,1696.849976,658326
ACC,2017-12-19,1704.800049,1733.900024,1698.349976,1730.300049,274994
ACC,2017-12-20,1726.0,1739.900024,1720.599976,1727.199951,134650
ACC,2017-12-21,1718.050049,1746.0,1716.949951,1738.849976,170758
ACC,2017-12-22,1748.0,1748.0,1717.050049,1721.650024,185422
ACC,2017-12-26,1721.650024,1744.75,1710.5,1742.099976,184518
ACC,2017-12-27,1740.150024,1748.0,1725.400024,1735.800049,199078
ACC,2017-12-28,1737.0,1757.199951,1724.800049,1748.650024,542581
ACC,2017-12-29,1754.900024,1770.0,1747.5,1758.400024,258255
ACC,2018-01-01,1763.949951,1763.949951,1725.0,1731.349976,123565
ACC,2018-01-02,1736.199951,1745.800049,1725.0,1743.199951,277110
ACC,2018-01-03,1741.099976,1780.0,1740.099976,1774.599976,194666
ACC,2018-01-04,1779.949951,1808.0,1770.0,1801.349976,278240
ACC,2018-01-05,1801.099976,1820.400024,1795.599976,1809.949951,312489
ACC,2018-01-08,1816.0,1827.949951,1800.0,1825.0,189168
ACC,2018-01-09,1823.0,1835.0,1793.900024,1812.050049,290610
ACC,2018-01-10,1812.050049,1823.0,1801.400024,1816.550049,175749
ACC,2018-01-11,1825.0,1825.050049,1798.550049,1802.099976,138505
ACC,2018-01-12,1805.0,1820.0,1794.0,1804.949951,191817
ACC,2018-01-15,1809.900024,1834.449951,1792.449951,1830.0,269413
ACC,2018-01-16,1835.0,1857.449951,1826.099976,1850.25,386131
ACC,2018-01-17,1850.0,1852.449951,1826.199951,1840.5,179153
ACC,2018-01-18,1840.5,1852.0,1823.5,1839.0,733461
ACC,2018-01-19,1828.25,1836.349976,1811.0,1829.5,267132
ACC,2018-01-22,1816.5,1832.550049,1805.5,1827.199951,236750
ACC,2018-01-23,1825.0,1825.0,1782.25,1790.150024,248086
ACC,2018-01-24,1787.800049,1792.699951,1732.150024,1737.5,516780
ACC,2018-01-25,1739.900024,1753.400024,1720.0,1726.400024,604042
ACC,2018-01-29,1735.150024,1754.949951,1729.800049,1738.699951,214335
ACC,2018-01-30,1728.0,1740.0,1722.0,1728.099976,150137
ACC,2018-01-31,1728.099976,1737.900024,1700.050049,1715.25,335683
ACC,2018-02-01,1723.0,1744.849976,1695.099976,1737.0,300979
ACC,2018-02-02,1725.900024,1728.949951,1675.099976,1679.800049,262985
ACC,2018-02-05,1667.0,1667.0,1612.900024,1641.150024,486961
ACC,2018-02-06,1595.0,1640.599976,1565.0,1618.949951,375432
ACC,2018-02-07,1627.0,1644.849976,1575.800049,1587.400024,286280
ACC,2018-02-08,1589.849976,1707.25,1568.300049,1693.25,1516076
ACC,2018-02-09,1652.0,1684.400024,1650.099976,1660.949951,478965
ACC,2018-02-12,1678.0,1685.0,1645.0,1651.550049,252902
ACC,2018-02-14,1652.0,1661.099976,1620.0,1629.699951,206639
ACC,2018-02-15,1626.550049,1651.300049,1611.099976,1621.300049,543661
ACC,2018-02-16,1634.0,1661.0,1630.150024,1650.599976,523625
ACC,2018-02-19,1655.849976,1665.0,1621.0,1633.699951,259386
ACC,2018-02-20,1644.0,1652.400024,1622.0,1640.349976,247989
ACC,2018-02-21,1656.550049,1662.0,1639.0,1645.25,322498
ACC,2018-02-22,1635.0,1641.150024,1617.0,1632.349976,413249
ACC,2018-02-23,1630.0,1658.099976,1627.550049,1651.449951,301333
ACC,2018-02-26,1659.800049,1675.5,1652.650024,1661.050049,137471
ACC,2018-02-27,1655.0,1660.0,1624.0,1632.800049,333670
ACC,2018-02-28,1618.0,1635.150024,1615.449951,1623.050049,208350
ACC,2018-03-01,1624.900024,1642.900024,1624.699951,1633.800049,128434
ACC,2018-03-05,1626.400024,1631.099976,1593.5,1606.150024,190051
ACC,2018-03-06,1614.699951,1617.0,1591.0,1595.300049,238297
ACC,2018-03-07,1590.150024,1594.800049,1570.0,1575.199951,221080
ACC,2018-03-08,1577.0,1584.699951,1542.75,1544.949951,296149
ACC,2018-03-09,1554.0,1554.0,1528.0,1531.849976,289181
ACC,2018-03-12,1536.699951,1564.050049,1521.0,1559.900024,270932
ACC,2018-03-13,1575.150024,1582.0,1557.400024,1575.349976,441704
ACC,2018-03-14,1567.650024,1623.449951,1565.0,1612.0,296145
ACC,2018-03-15,1616.75,1617.0,1596.099976,1603.150024,227343
ACC,2018-03-16,1599.900024,1607.25,1552.699951,1567.949951,253481
ACC,2018-03-19,1571.5,1573.699951,1535.550049,1562.900024,195095
ACC,2018-03-20,1557.650024,1573.5,1527.0,1554.800049,339628
ACC,2018-03-21,1556.5,1574.25,1544.75,1558.400024,216483
ACC,2018-03-22,1558.0,1571.0,1539.849976,1549.400024,319159
ACC,2018-03-23,1530.349976,1539.75,1517.650024,1528.550049,208904
ACC,2018-03-26,1530.0,1539.400024,1522.349976,1533.150024,240635
ACC,2018-03-27,1541.25,1547.650024,1514.0,1524.0,249518
ACC,2018-03-28,1512.0,1520.900024,1498.949951,1507.5,835875
ACC,2018-04-02,1509.400024,1545.0,1509.400024,1536.949951,420761
ACC,2018-04-03,1534.0,1562.0,1534.0,1554.800049,201412
ACC,2018-04-04,1554.0,1576.849976,1525.849976,1530.0,171614
ACC,2018-04-05,1551.400024,1559.699951,1536.900024,1552.349976,198303
ACC,2018-04-06,1558.0,1560.949951,1542.849976,1553.25,119196
ACC,2018-04-09,1552.900024,1559.150024,1535.650024,1541.300049,175732
ACC,2018-04-10,1555.900024,1555.900024,1531.449951,1539.150024,112086
ACC,2018-04-11,1531.900024,1543.5,1520.099976,1533.550049,319761
ACC,2018-04-12,1526.099976,1532.400024,1520.0,1524.949951,248295
ACC,2018-04-13,1528.0,1545.0,1521.599976,1536.449951,247502
ACC,2018-04-16,1531.699951,1582.849976,1530.0,1576.5,223315
ACC,2018-04-17,1587.699951,1600.0,1572.550049,1586.949951,301195
ACC,2018-04-18,1599.0,1602.699951,1561.949951,1573.5,489407
ACC,2018-04-19,1605.0,1629.0,1561.0,1571.349976,871706
ACC,2018-04-20,1567.800049,1585.0,1552.599976,1561.650024,280273
ACC,2018-04-23,1560.0,1581.800049,1552.0,1565.300049,302886
ACC,2018-04-24,1570.0,1581.949951,1557.449951,1562.0,171800
ACC,2018-04-25,1560.900024,1577.699951,1548.949951,1567.650024,316302
ACC,2018-04-26,1573.800049,1573.800049,1536.25,1545.400024,331931
ACC,2018-04-27,1551.900024,1564.449951,1546.550049,1559.599976,228633
ACC,2018-04-30,1564.849976,1599.900024,1563.0,1587.150024,265415
ACC,2018-05-02,1584.449951,1595.300049,1548.699951,1557.150024,271941
ACC,2018-05-03,1557.0,1563.150024,1532.099976,1537.800049,191433
ACC,2018-05-04,1541.949951,1548.699951,1523.550049,1527.75,218311
ACC,2018-05-07,1530.0,1542.0,1515.75,1523.5,286007
ACC,2018-05-08,1526.199951,1531.0,1515.300049,1518.650024,199827
ACC,2018-05-09,1520.900024,1525.75,1500.300049,1509.650024,387123
ACC,2018-05-10,1511.0,1515.150024,1483.550049,1493.849976,241543
ACC,2018-05-11,1499.0,1499.0,1461.349976,1466.550049,361860
ACC,2018-05-14,1465.099976,1478.650024,1439.300049,1451.199951,380794
ACC,2018-05-15,1447.699951,1452.5,1405.0,1411.650024,589518
ACC,2018-05-16,1407.900024,1424.75,1398.449951,1410.800049,377122
ACC,2018-05-17,1401.0,1420.0,1397.0,1400.5,331066
ACC,2018-05-18,1400.5,1405.449951,1365.25,1374.349976,432586
ACC,2018-05-21,1379.0,1379.900024,1322.599976,1344.099976,380473
ACC,2018-05-22,1342.199951,1343.900024,1313.050049,1325.300049,534896
ACC,2018-05-23,1320.25,1328.949951,1308.099976,1313.75,582944
ACC,2018-05-24,1320.0,1350.0,1290.0,1332.800049,691073
ACC,2018-05-25,1333.5,1335.949951,1308.25,1322.849976,395131
ACC,2018-05-28,1324.900024,1335.699951,1315.0,1322.5,750519
ACC,2018-05-29,1321.050049,1337.699951,1301.199951,1310.0,894054
ACC,2018-05-30,1300.0,1317.099976,1297.300049,1309.400024,994798
ACC,2018-05-31,1315.0,1364.0,1302.599976,1354.599976,3873328
ACC,2018-06-01,1361.0,1371.0,1316.550049,1326.699951,829344
ACC,2018-06-04,1343.0,1353.5,1303.25,1308.050049,558346
ACC,2018-06-05,1305.25,1306.650024,1265.0,1285.050049,759372
ACC,2018-06-06,1285.0,1319.300049,1270.5,1315.949951,592872
ACC,2018-06-07,1326.800049,1337.800049,1311.550049,1316.449951,428248
ACC,2018-06-08,1314.0,1325.550049,1305.5,1315.099976,326601
ACC,2018-06-11,1315.900024,1338.800049,1311.300049,1320.199951,356878
ACC,2018-06-12,1321.0,1329.349976,1306.550049,1315.699951,233538
ACC,2018-06-13,1317.300049,1349.400024,1311.550049,1330.949951,514188
ACC,2018-06-14,1331.0,1333.300049,1304.400024,1307.199951,250892
ACC,2018-06-15,1309.650024,1314.900024,1295.0,1302.099976,472050
ACC,2018-06-18,1302.400024,1309.949951,1284.0,1300.400024,293333
ACC,2018-06-19,1296.5,1296.5,1275.349976,1284.550049,312768
ACC,2018-06-20,1292.0,1292.0,1268.800049,1275.199951,306583
ACC,2018-06-21,1280.0,1280.0,1260.900024,1270.050049,368454
ACC,2018-06-22,1272.0,1303.699951,1260.150024,1294.650024,603226
ACC,2018-06-25,1297.0,1332.400024,1297.0,1315.550049,547839
ACC,2018-06-26,1315.800049,1367.900024,1312.050049,1357.599976,1215478
ACC,2018-06-27,1364.900024,1368.900024,1302.050049,1308.800049,572379
ACC,2018-06-28,1309.0,1326.300049,1280.0,1291.349976,1265912
ACC,2018-06-29,1299.449951,1358.25,1297.0,1339.900024,1031272
ACC,2018-07-02,1339.949951,1339.949951,1312.5,1320.150024,388433
ACC,2018-07-03,1318.0,1343.0,1302.0,1332.849976,284242
ACC,2018-07-04,1334.0,1359.5,1331.75,1350.849976,389155
ACC,2018-07-05,1352.0,1404.0,1352.0,1389.699951,1142325
ACC,2018-07-06,1391.900024,1413.199951,1370.0,1373.699951,857368
ACC,2018-07-09,1377.0,1395.5,1371.099976,1375.800049,315690
ACC,2018-07-10,1378.800049,1395.0,1362.0,1371.0,511695
ACC,2018-07-11,1374.0,1376.0,1348.199951,1360.550049,437187
ACC,2018-07-12,1362.0,1387.800049,1342.0,1350.0,674141
ACC,2018-07-13,1358.800049,1365.0,1328.849976,1337.650024,338657
ACC,2018-07-16,1341.800049,1341.800049,1260.349976,1266.849976,474561
ACC,2018-07-17,1269.699951,1293.800049,1255.650024,1288.349976,532624
ACC,2018-07-18,1294.0,1306.0,1275.199951,1291.699951,502781
ACC,2018-07-19,1294.800049,1297.150024,1265.0,1274.5,327469
ACC,2018-07-20,1297.0,1297.0,1267.650024,1293.0,272055
ACC,2018-07-23,1295.0,1319.599976,1262.0,1310.800049,862923
ACC,2018-07-24,1400.0,1498.75,1400.0,1475.5,7518029
ACC,2018-07-25,1484.25,1494.400024,1446.050049,1469.650024,1718412
ACC,2018-07-26,1473.0,1544.0,1471.0,1522.699951,1890074
ACC,2018-07-27,1530.0,1552.0,1514.150024,1535.0,665993
ACC,2018-07-30,1537.699951,1537.699951,1501.050049,1503.800049,995382
ACC,2018-07-31,1509.0,1535.0,1496.5,1529.75,401888
ACC,2018-08-01,1535.0,1563.75,1526.050049,1531.349976,610695
ACC,2018-08-02,1531.349976,1544.800049,1515.25,1541.099976,456730
ACC,2018-08-03,1546.0,1554.75,1508.650024,1518.650024,373188
ACC,2018-08-06,1528.400024,1529.800049,1499.050049,1524.0,384285
ACC,2018-08-07,1529.0,1560.0,1527.0,1538.650024,577506
ACC,2018-08-08,1535.0,1553.150024,1522.0,1536.300049,498533
ACC,2018-08-09,1538.099976,1577.0,1538.099976,1570.75,691430
ACC,2018-08-10,1575.0,1584.5,1535.199951,1545.300049,687891
ACC,2018-08-13,1541.0,1541.0,1512.5,1522.75,358626
ACC,2018-08-14,1528.0,1574.949951,1522.150024,1563.550049,684203
ACC,2018-08-16,1548.0,1564.0,1532.300049,1559.050049,394082
ACC,2018-08-17,1562.199951,1601.650024,1553.5,1593.949951,664502
ACC,2018-08-20,1601.900024,1627.550049,1586.949951,1599.300049,921054
ACC,2018-08-21,1604.0,1650.949951,1604.0,1639.800049,1068497
ACC,2018-08-23,1640.199951,1647.949951,1603.0,1635.25,755388
ACC,2018-08-24,1640.0,1657.0,1629.199951,1640.849976,597273
ACC,2018-08-27,1649.0,1655.449951,1636.699951,1652.099976,369088
ACC,2018-08-28,1658.849976,1669.550049,1617.0,1623.650024,874234
ACC,2018-08-29,1624.0,1628.800049,1605.199951,1613.5,649213
ACC,2018-08-30,1614.849976,1631.900024,1608.150024,1624.050049,968858
ACC,2018-08-31,1628.5,1645.0,1622.449951,1638.75,708924
ACC,2018-09-03,1631.0,1678.900024,1631.0,1662.099976,787758
ACC,2018-09-04,1654.0,1657.0,1576.0,1588.349976,614902
ACC,2018-09-05,1582.5,1595.0,1521.650024,1548.199951,810463
ACC,2018-09-06,1563.949951,1604.300049,1543.0,1557.599976,679382
ACC,2018-09-07,1560.0,1582.0,1537.449951,1571.949951,520819
ACC,2018-09-10,1561.0,1574.199951,1522.550049,1528.5,353051
ACC,2018-09-11,1535.849976,1549.0,1516.199951,1519.400024,350877
ACC,2018-09-12,1529.0,1559.800049,1506.300049,1554.400024,537350
ACC,2018-09-14,1562.099976,1619.0,1562.099976,1602.25,837785
ACC,2018-09-17,1587.800049,1614.0,1569.050049,1586.75,609930
ACC,2018-09-18,1581.0,1595.0,1560.050049,1570.25,530928
ACC,2018-09-19,1565.550049,1583.949951,1555.199951,1563.699951,270149
ACC,2018-09-21,1566.0,1576.900024,1433.050049,1539.599976,528944
ACC,2018-09-24,1530.099976,1549.0,1502.599976,1527.449951,549183
ACC,2018-09-25,1516.0,1570.800049,1501.0,1563.800049,710520
ACC,2018-09-26,1570.800049,1592.099976,1550.0,1582.150024,589965
ACC,2018-09-27,1588.0,1627.900024,1547.300049,1561.25,1654129
ACC,2018-09-28,1568.949951,1589.650024,1533.349976,1552.349976,883949
ACC,2018-10-01,1556.0,1588.199951,1522.900024,1573.599976,854187
ACC,2018-10-03,1565.699951,1566.0,1494.5,1509.699951,545265
ACC,2018-10-04,1484.0,1535.25,1462.0,1527.900024,963587
ACC,2018-10-05,1515.0,1519.0,1465.150024,1478.599976,897662
ACC,2018-10-08,1470.0,1484.0,1436.599976,1474.650024,734973
ACC,2018-10-09,1486.0,1493.900024,1445.599976,1465.849976,522994
ACC,2018-10-10,1455.099976,1482.599976,1446.949951,1463.650024,615900
ACC,2018-10-11,1428.0,1446.699951,1405.5,1434.800049,609776
ACC,2018-10-12,1451.849976,1509.75,1447.300049,1503.199951,661327
ACC,2018-10-15,1502.050049,1530.849976,1463.0,1523.150024,809618
ACC,2018-10-16,1523.150024,1580.949951,1509.050049,1553.400024,885505
ACC,2018-10-17,1573.0,1578.0,1518.150024,1539.699951,799424
ACC,2018-10-19,1480.0,1480.0,1409.0,1424.400024,2009651
ACC,2018-10-22,1424.400024,1431.5,1406.599976,1422.150024,586762
ACC,2018-10-23,1409.900024,1409.900024,1375.0,1381.0,994439
ACC,2018-10-24,1389.800049,1407.0,1360.0,1382.300049,1111875
ACC,2018-10-25,1360.25,1379.900024,1357.699951,1367.599976,725333
ACC,2018-10-26,1370.0,1370.0,1343.199951,1349.650024,475607
ACC,2018-10-29,1354.0,1363.449951,1338.25,1350.400024,992224
ACC,2018-10-30,1356.25,1366.0,1336.199951,1344.900024,627050
ACC,2018-10-31,1349.0,1383.449951,1322.550049,1374.800049,2838967
ACC,2018-11-01,1384.0,1412.199951,1378.099976,1405.699951,480091
ACC,2018-11-02,1412.099976,1474.0,1411.0,1451.5,654747
ACC,2018-11-05,1447.0,1480.25,1420.199951,1474.349976,513311
ACC,2018-11-06,1479.0,1489.300049,1441.800049,1447.449951,363874
ACC,2018-11-07,1460.900024,1466.699951,1455.0,1462.300049,53528
ACC,2018-11-09,1457.400024,1471.550049,1450.349976,1464.050049,371527
ACC,2018-11-12,1464.949951,1473.050049,1432.050049,1438.699951,307104
ACC,2018-11-13,1435.0,1465.349976,1424.0,1457.199951,458083
ACC,2018-11-14,1462.0,1487.0,1450.0,1473.900024,711063
ACC,2018-11-15,1478.0,1518.0,1451.75,1513.550049,705817
ACC,2018-11-16,1516.800049,1528.0,1492.199951,1501.400024,651765
ACC,2018-11-19,1502.599976,1523.050049,1481.400024,1501.650024,921530
ACC,2018-11-20,1491.0,1498.300049,1467.300049,1469.949951,462997
ACC,2018-11-21,1475.0,1505.099976,1463.199951,1497.099976,444633
ACC,2018-11-22,1498.0,1498.599976,1450.650024,1456.5,733505
ACC,2018-11-26,1461.5,1466.550049,1429.0,1439.099976,1177139
ACC,2018-11-27,1433.25,1454.300049,1430.650024,1445.150024,564890
ACC,2018-11-28,1449.949951,1456.0,1433.150024,1436.949951,510905
ACC,2018-11-29,1448.900024,1471.300049,1436.150024,1463.800049,994648
ACC,2018-11-30,1463.199951,1498.0,1463.199951,1485.5,600458
ACC,2018-12-03,1497.0,1530.0,1484.099976,1516.800049,720915
ACC,2018-12-04,1519.0,1529.550049,1501.0,1508.949951,405000
ACC,2018-12-05,1504.0,1506.5,1465.849976,1471.150024,514306
ACC,2018-12-06,1462.0,1462.0,1416.849976,1423.800049,330634
ACC,2018-12-07,1426.0,1447.650024,1426.0,1443.050049,306417
ACC,2018-12-10,1419.650024,1432.800049,1398.25,1411.800049,269544
ACC,2018-12-11,1385.0,1439.849976,1385.0,1432.849976,449179
ACC,2018-12-12,1441.25,1489.949951,1430.199951,1485.199951,520131
ACC,2018-12-13,1499.449951,1512.0,1481.550049,1500.849976,513401
ACC,2018-12-14,1530.5,1541.650024,1490.0,1497.650024,904595
ACC,2018-12-17,1504.0,1513.900024,1495.050049,1502.0,314649
ACC,2018-12-18,1499.800049,1510.0,1490.349976,1501.25,360523
ACC,2018-12-19,1516.0,1573.0,1508.0,1543.900024,1203558
ACC,2018-12-20,1538.300049,1562.0,1528.849976,1537.25,571408
ACC,2018-12-21,1534.900024,1539.0,1481.0,1490.050049,815286
ACC,2018-12-24,1479.0,1485.949951,1439.349976,1447.650024,602271
ACC,2018-12-26,1442.300049,1486.0,1421.099976,1479.400024,597239
ACC,2018-12-27,1499.0,1499.0,1453.849976,1459.199951,554317
ACC,2018-12-28,1465.0,1493.0,1465.0,1479.699951,578740
ACC,2018-12-31,1486.0,1511.900024,1470.849976,1508.099976,791436
ACC,2019-01-01,1516.900024,1516.900024,1475.0,1488.800049,840791
ACC,2019-01-02,1487.849976,1501.949951,1477.550049,1483.949951,669181
ACC,2019-01-03,1483.949951,1492.699951,1445.400024,1452.25,451970
ACC,2019-01-04,1458.0,1473.0,1437.550049,1469.099976,532734
ACC,2019-01-07,1482.0,1499.75,1471.800049,1477.949951,438357
ACC,2019-01-08,1484.0,1487.5,1468.400024,1480.400024,312812
ACC,2019-01-09,1484.0,1485.0,1443.25,1454.150024,363164
ACC,2019-01-10,1455.25,1462.800049,1444.0,1447.800049,277837
ACC,2019-01-11,1455.0,1467.0,1450.400024,1458.650024,337374
ACC,2019-01-14,1461.900024,1465.199951,1447.050049,1459.599976,326989
ACC,2019-01-15,1465.0,1498.400024,1465.0,1483.449951,551514
ACC,2019-01-16,1488.699951,1503.0,1471.550049,1473.949951,419240
ACC,2019-01-17,1484.0,1485.400024,1450.300049,1455.150024,467164
ACC,2019-01-18,1468.0,1468.0,1435.0,1439.75,335850
ACC,2019-01-21,1444.900024,1449.550049,1423.849976,1429.300049,349933
ACC,2019-01-22,1429.0,1445.5,1418.099976,1436.349976,293897
ACC,2019-01-23,1436.349976,1454.0,1425.0,1429.849976,314654
ACC,2019-01-24,1432.900024,1440.0,1410.099976,1419.699951,343178
ACC,2019-01-25,1427.400024,1436.0,1365.300049,1375.0,533516
ACC,2019-01-28,1376.0,1378.949951,1346.650024,1357.25,469918
ACC,2019-01-29,1357.199951,1376.199951,1347.5,1359.650024,445525
ACC,2019-01-30,1369.5,1395.0,1339.400024,1386.599976,572247
ACC,2019-01-31,1391.050049,1428.800049,1391.050049,1423.349976,837929
ACC,2019-02-01,1416.300049,1448.0,1401.25,1415.550049,568663
ACC,2019-02-04,1411.0,1416.699951,1390.0,1406.099976,531657
ACC,2019-02-05,1400.0,1436.449951,1356.199951,1388.800049,2027916
ACC,2019-02-06,1404.699951,1414.0,1374.0,1401.449951,1287668
ACC,2019-02-07,1407.400024,1441.699951,1401.550049,1421.599976,829367
ACC,2019-02-08,1419.0,1438.0,1388.900024,1395.449951,562187
ACC,2019-02-11,1396.0,1399.449951,1364.400024,1368.300049,1133028
ACC,2019-02-12,1368.0,1383.849976,1356.449951,1374.900024,686009
ACC,2019-02-14,1368.0,1374.849976,1350.349976,1360.900024,619832
ACC,2019-02-15,1358.699951,1377.550049,1345.099976,1352.449951,605756
ACC,2019-02-18,1349.0,1356.949951,1326.0,1331.699951,564158
ACC,2019-02-19,1330.0,1366.0,1329.0,1353.099976,732142
ACC,2019-02-20,1360.0,1392.0,1360.0,1382.5,706935
ACC,2019-02-21,1392.0,1398.0,1382.0,1389.050049,517181
ACC,2019-02-22,1391.650024,1391.650024,1371.300049,1383.699951,576103
ACC,2019-02-25,1390.599976,1392.800049,1368.400024,1376.150024,751219
ACC,2019-02-26,1365.0,1394.0,1353.050049,1384.349976,1019520
ACC,2019-02-27,1393.099976,1457.300049,1390.150024,1425.150024,1576764
ACC,2019-02-28,1432.25,1436.949951,1413.099976,1422.300049,860145
ACC,2019-03-01,1422.300049,1500.099976,1420.300049,1481.699951,1200767
ACC,2019-03-05,1481.699951,1536.400024,1472.0,1531.900024,1391740
ACC,2019-03-06,1533.0,1561.900024,1533.0,1554.400024,2035880
ACC,2019-03-07,1550.0,1571.849976,1537.0,1555.050049,757839
ACC,2019-03-08,1555.150024,1579.949951,1545.0,1574.550049,847268
ACC,2019-03-11,1575.900024,1610.0,1563.699951,1604.25,1018321
ACC,2019-03-12,1612.5,1626.849976,1587.699951,1592.449951,826847
ACC,2019-03-13,1588.0,1601.400024,1566.050049,1571.400024,893127
ACC,2019-03-14,1573.0,1585.800049,1535.0,1539.300049,717808
ACC,2019-03-15,1540.5,1559.300049,1526.449951,1531.849976,834141
ACC,2019-03-18,1541.900024,1560.0,1532.699951,1548.900024,655422
ACC,2019-03-19,1565.400024,1578.449951,1547.099976,1565.199951,634111
ACC,2019-03-20,1573.900024,1577.099976,1551.050049,1560.199951,858280
ACC,2019-03-22,1565.0,1597.599976,1555.25,1582.949951,1223995
ACC,2019-03-25,1566.300049,1592.0,1563.0,1575.900024,697053
ACC,2019-03-26,1583.800049,1590.0,1555.050049,1570.849976,667934
ACC,2019-03-27,1584.0,1614.0,1568.849976,1602.550049,1328748
ACC,2019-03-28,1604.0,1629.400024,1587.0,1617.800049,942173
ACC,2019-04-01,1673.0,1723.400024,1637.650024,1646.900024,1576508
ACC,2019-04-02,1648.900024,1669.0,1609.0,1617.349976,1277444
ACC,2019-04-03,1627.900024,1645.0,1615.699951,1624.599976,680202
ACC,2019-04-04,1629.900024,1652.150024,1616.75,1628.849976,1282592
ACC,2019-04-05,1635.0,1670.0,1634.400024,1664.449951,912756
ACC,2019-04-08,1675.0,1680.0,1636.0,1640.400024,586864
ACC,2019-04-09,1639.0,1658.449951,1620.0,1654.300049,592582
ACC,2019-04-10,1652.599976,1655.900024,1630.0,1636.650024,559285
ACC,2019-04-11,1645.0,1681.25,1636.050049,1675.900024,752787
ACC,2019-04-12,1675.900024,1685.550049,1653.0,1656.400024,824524
ACC,2019-04-15,1664.0,1680.0,1658.300049,1673.349976,566999
ACC,2019-04-16,1680.0,1711.5,1677.0,1703.0,857287
ACC,2019-04-18,1705.800049,1709.75,1680.0,1699.449951,484644
ACC,2019-04-22,1693.0,1695.800049,1660.0,1663.0,393501
ACC,2019-04-23,1672.0,1682.949951,1652.199951,1661.650024,948717
ACC,2019-04-24,1625.0,1625.0,1570.0,1606.0,4505591
ACC,2019-04-25,1606.0,1664.75,1603.0,1623.0,2274945
ACC,2019-04-26,1628.0,1641.400024,1623.349976,1635.349976,621829
ACC,2019-04-30,1640.0,1649.300049,1601.050049,1632.050049,743663
ACC,2019-05-02,1628.0,1644.150024,1606.199951,1613.099976,607543
ACC,2019-05-03,1619.900024,1637.849976,1610.650024,1633.900024,389859
ACC,2019-05-06,1617.25,1628.150024,1606.300049,1620.400024,458714
ACC,2019-05-07,1624.150024,1637.900024,1590.150024,1596.900024,427581
ACC,2019-05-08,1601.0,1606.949951,1563.550049,1593.199951,947559
ACC,2019-05-09,1589.0,1604.849976,1566.099976,1596.349976,562583
ACC,2019-05-10,1595.0,1614.949951,1592.400024,1602.349976,594386
ACC,2019-05-13,1602.699951,1613.5,1575.0,1583.0,524426
ACC,2019-05-14,1577.0,1587.800049,1564.75,1572.300049,715309
ACC,2019-05-15,1582.900024,1583.0,1542.349976,1554.5,594206
ACC,2019-05-16,1552.050049,1589.449951,1541.0,1583.349976,546048
ACC,2019-05-17,1575.5,1614.650024,1570.099976,1606.599976,463571
ACC,2019-05-20,1635.0,1682.25,1633.0,1662.949951,587879
ACC,2019-05-21,1670.0,1681.0,1595.5,1609.849976,997742
ACC,2019-05-22,1620.800049,1634.5,1607.050049,1615.0,580879
ACC,2019-05-23,1638.75,1680.199951,1621.550049,1639.800049,963817
ACC,2019-05-24,1651.949951,1709.349976,1638.0,1704.900024,894742
ACC,2019-05-27,1706.0,1765.199951,1700.0,1759.800049,960403
ACC,2019-05-28,1758.0,1769.050049,1738.75,1750.699951,532952
ACC,2019-05-29,1739.5,1745.25,1711.800049,1721.550049,525569
ACC,2019-05-30,1717.900024,1732.900024,1701.199951,1708.150024,611129
ACC,2019-05-31,1714.0,1719.449951,1670.0,1686.0,624323
ACC,2019-06-03,1696.849976,1729.0,1678.0,1725.199951,676566
ACC,2019-06-04,1710.0,1735.849976,1650.5,1657.650024,1180729
ACC,2019-06-06,1670.949951,1672.199951,1583.050049,1592.150024,1247192
ACC,2019-06-07,1593.0,1618.849976,1574.550049,1596.5,944400
ACC,2019-06-10,1608.900024,1614.849976,1584.0,1589.400024,433071
ACC,2019-06-11,1592.349976,1601.0,1584.0,1589.650024,472845
ACC,2019-06-12,1589.650024,1593.0,1572.5,1579.050049,298942
ACC,2019-06-13,1577.0,1585.5,1564.0,1583.150024,482531
ACC,2019-06-14,1585.0,1589.550049,1537.900024,1549.0,321569
ACC,2019-06-17,1545.099976,1549.0,1505.0,1509.150024,504871
ACC,2019-06-18,1506.050049,1532.0,1501.699951,1525.5,492116
ACC,2019-06-19,1535.0,1539.949951,1487.099976,1493.599976,486128
ACC,2019-06-20,1493.25,1546.5,1470.099976,1539.75,719154
ACC,2019-06-21,1539.900024,1546.800049,1516.099976,1532.449951,507105
ACC,2019-06-24,1530.0,1552.849976,1517.449951,1537.599976,536701
ACC,2019-06-25,1536.0,1561.900024,1526.349976,1554.550049,475097
ACC,2019-06-26,1549.0,1589.0,1546.800049,1582.949951,699597
ACC,2019-06-27,1578.0,1589.900024,1568.0,1581.0,719122
ACC,2019-06-28,1588.0,1588.849976,1553.099976,1562.150024,429699
ACC,2019-07-01,1565.050049,1579.900024,1555.050049,1562.699951,325337
ACC,2019-07-02,1569.800049,1579.0,1563.5,1573.800049,268464
ACC,2019-07-03,1577.900024,1582.550049,1558.400024,1564.050049,432234
ACC,2019-07-04,1566.900024,1590.0,1564.050049,1576.75,839957
ACC,2019-07-05,1587.5,1606.949951,1538.0,1546.849976,964246
ACC,2019-07-08,1542.0,1542.0,1495.849976,1502.0,588998
ACC,2019-07-09,1504.0,1559.800049,1480.650024,1554.300049,903575
ACC,2019-07-10,1553.900024,1568.400024,1529.699951,1536.050049,591597
ACC,2019-07-11,1540.0,1559.900024,1535.650024,1550.0,251282
ACC,2019-07-12,1564.0,1589.800049,1554.25,1575.400024,572210
ACC,2019-07-15,1577.550049,1599.449951,1554.800049,1594.75,645141
ACC,2019-07-16,1594.800049,1619.949951,1583.25,1612.849976,665025
ACC,2019-07-17,1616.0,1625.900024,1586.050049,1594.349976,909835
ACC,2019-07-18,1604.0,1609.199951,1560.150024,1567.099976,1475891
ACC,2019-07-19,1635.0,1647.550049,1531.25,1543.650024,6325502
ACC,2019-07-22,1550.0,1586.0,1536.0,1581.300049,1400234
ACC,2019-07-23,1581.099976,1599.0,1568.0,1584.849976,1217773
ACC,2019-07-24,1578.599976,1590.349976,1564.0,1569.599976,594470
ACC,2019-07-25,1574.0,1601.900024,1569.849976,1585.25,906465
ACC,2019-07-26,1585.0,1589.0,1568.099976,1581.949951,480420
ACC,2019-07-29,1578.050049,1596.0,1530.0,1535.699951,849767
ACC,2019-07-30,1536.75,1566.75,1532.599976,1540.900024,1094582
ACC,2019-07-31,1540.900024,1564.0,1516.5,1560.400024,630274
ACC,2019-08-01,1554.699951,1556.400024,1499.0,1515.300049,805812
ACC,2019-08-02,1507.300049,1534.900024,1494.0,1517.449951,779585
ACC,2019-08-05,1505.0,1525.0,1486.0,1515.099976,529398
ACC,2019-08-06,1510.0,1558.800049,1503.949951,1549.050049,650598
ACC,2019-08-07,1545.0,1575.099976,1541.599976,1557.050049,494820
ACC,2019-08-08,1561.699951,1585.0,1537.0,1549.349976,702052
ACC,2019-08-09,1563.0,1588.349976,1563.0,1574.599976,642183
ACC,2019-08-13,1573.400024,1586.800049,1538.349976,1547.099976,419671
ACC,2019-08-14,1548.0,1602.900024,1548.0,1597.400024,688864
ACC,2019-08-16,1590.0,1595.0,1571.050049,1591.550049,479108
ACC,2019-08-19,1599.699951,1617.0,1583.199951,1589.099976,643136
ACC,2019-08-20,1589.0,1589.0,1533.050049,1540.849976,835852
ACC,2019-08-21,1545.75,1546.900024,1480.5,1485.650024,946810
ACC,2019-08-22,1483.150024,1489.0,1454.199951,1464.599976,1026298
ACC,2019-08-23,1460.0,1478.199951,1445.849976,1468.75,807076
ACC,2019-08-26,1490.0,1499.0,1441.599976,1495.0,1307793
ACC,2019-08-27,1506.0,1544.0,1502.0,1539.599976,810651
ACC,2019-08-28,1538.0,1550.0,1520.0,1542.349976,643361
ACC,2019-08-29,1530.150024,1546.0,1494.199951,1500.099976,815331
ACC,2019-08-30,1507.0,1524.550049,1484.050049,1519.849976,814386
ACC,2019-09-03,1500.0,1503.949951,1440.0,1451.300049,1309422
ACC,2019-09-04,1443.949951,1449.0,1423.849976,1440.949951,901586
ACC,2019-09-05,1449.0,1465.900024,1436.650024,1461.150024,1183098
ACC,2019-09-06,1468.449951,1477.0,1453.699951,1463.25,464686
ACC,2019-09-09,1463.0,1484.0,1458.0,1472.949951,364011
ACC,2019-09-11,1477.849976,1494.0,1475.599976,1485.0,397144
ACC,2019-09-12,1487.0,1509.349976,1477.75,1481.550049,573898
ACC,2019-09-13,1482.0,1531.75,1470.650024,1526.650024,1164140
ACC,2019-09-16,1514.800049,1539.900024,1502.550049,1530.349976,877068
ACC,2019-09-17,1526.900024,1535.0,1487.400024,1491.650024,946418
ACC,2019-09-18,1493.5,1510.0,1488.0,1490.699951,693925
ACC,2019-09-19,1489.0,1498.849976,1465.199951,1479.0,663359
ACC,2019-09-20,1486.949951,1643.900024,1480.599976,1633.849976,1458383
ACC,2019-09-23,1655.0,1709.0,1638.0,1675.75,1116441
ACC,2019-09-24,1670.0,1672.0,1622.0,1650.800049,609163
ACC,2019-09-25,1648.550049,1659.0,1615.599976,1633.650024,703402
ACC,2019-09-26,1640.849976,1654.5,1620.949951,1646.050049,646910
ACC,2019-09-27,1643.0,1653.550049,1623.050049,1634.599976,401553
ACC,2019-09-30,1632.199951,1634.0,1595.050049,1608.150024,552438
ACC,2019-10-01,1611.650024,1627.400024,1555.050049,1575.699951,460449
ACC,2019-10-03,1564.0,1582.849976,1537.0,1545.75,715946
ACC,2019-10-04,1558.099976,1559.300049,1482.550049,1488.099976,620192
ACC,2019-10-07,1496.0,1496.150024,1430.150024,1435.099976,1135461
ACC,2019-10-09,1430.0,1473.949951,1416.449951,1467.099976,1260259
ACC,2019-10-10,1459.800049,1462.800049,1418.099976,1422.900024,721330
ACC,2019-10-11,1430.400024,1450.349976,1421.5,1443.099976,678797
ACC,2019-10-14,1448.0,1484.699951,1445.0,1469.349976,757992
ACC,2019-10-15,1479.0,1505.0,1461.300049,1498.050049,1702459
ACC,2019-10-16,1530.0,1560.0,1511.349976,1521.449951,3659977
ACC,2019-10-17,1525.0,1538.900024,1507.199951,1535.099976,1074461
ACC,2019-10-18,1535.800049,1558.900024,1528.0,1553.550049,749817
ACC,2019-10-22,1551.900024,1556.949951,1523.800049,1535.25,934518
ACC,2019-10-23,1537.900024,1549.449951,1521.0,1526.199951,551466
ACC,2019-10-24,1536.0,1539.849976,1504.300049,1519.099976,598530
ACC,2019-10-25,1524.0,1524.949951,1501.0,1518.400024,645397
ACC,2019-10-27,1527.0,1534.949951,1524.0,1528.949951,80770
ACC,2019-10-29,1531.0,1540.650024,1515.5,1531.199951,582262
ACC,2019-10-30,1532.099976,1572.0,1521.199951,1532.25,920215
ACC,2019-10-31,1541.699951,1574.199951,1536.25,1568.050049,712719
ACC,2019-11-01,1573.0,1575.599976,1528.0,1542.199951,887153
ACC,2019-11-04,1549.800049,1590.5,1542.199951,1564.650024,1094603
ACC,2019-11-05,1561.0,1564.0,1510.400024,1514.650024,914025
ACC,2019-11-06,1520.0,1531.199951,1501.849976,1517.400024,885965
ACC,2019-11-07,1527.0,1546.150024,1520.0,1527.150024,824638
ACC,2019-11-08,1526.800049,1544.0,1499.050049,1506.400024,635287
ACC,2019-11-11,1501.900024,1518.0,1490.0,1504.449951,648957
ACC,2019-11-13,1505.199951,1525.0,1485.0,1494.0,688971
ACC,2019-11-14,1490.0,1508.599976,1473.550049,1486.900024,737571
ACC,2019-11-15,1488.150024,1505.849976,1483.0,1485.550049,679292
ACC,2019-11-18,1490.0,1509.099976,1486.199951,1492.099976,644344
ACC,2019-11-19,1499.0,1502.900024,1481.0,1491.150024,514558
ACC,2019-11-20,1497.0,1504.550049,1481.0,1483.75,536347
ACC,2019-11-21,1487.0,1495.0,1471.0,1473.349976,431807
ACC,2019-11-22,1473.0,1482.650024,1462.199951,1469.900024,501614
ACC,2019-11-25,1477.800049,1492.099976,1473.099976,1476.949951,668905
ACC,2019-11-26,1478.550049,1495.0,1478.0,1482.300049,1124372
ACC,2019-11-27,1486.849976,1517.0,1483.849976,1501.199951,1028570
ACC,2019-11-28,1505.0,1523.150024,1493.150024,1516.400024,521547
ACC,2019-11-29,1514.0,1535.0,1510.0,1522.150024,851825
ACC,2019-12-02,1521.0,1546.800049,1520.0,1531.300049,769666
ACC,2019-12-03,1540.800049,1541.949951,1500.099976,1508.550049,438588
ACC,2019-12-04,1490.0,1514.550049,1480.0,1509.099976,593104
ACC,2019-12-05,1512.900024,1521.599976,1488.0,1493.0,346512
ACC,2019-12-06,1496.0,1501.5,1462.550049,1482.5,408453
ACC,2019-12-09,1484.0,1492.0,1470.5,1473.849976,289713
ACC,2019-12-10,1475.0,1478.699951,1432.400024,1436.349976,544440
ACC,2019-12-11,1439.800049,1446.5,1401.150024,1418.849976,871405
ACC,2019-12-12,1423.300049,1438.0,1416.5,1432.599976,386259
ACC,2019-12-13,1444.949951,1467.900024,1430.800049,1465.099976,563304
ACC,2019-12-16,1465.900024,1467.0,1426.0,1438.800049,748055
ACC,2019-12-17,1443.449951,1466.0,1438.25,1462.300049,731437
ACC,2019-12-18,1462.099976,1470.400024,1438.75,1450.400024,481280
ACC,2019-12-19,1445.0,1459.0,1441.0,1452.099976,353481
ACC,2019-12-20,1452.0,1455.900024,1433.949951,1446.150024,470848
ACC,2019-12-23,1443.5,1474.849976,1441.25,1467.25,557537
ACC,2019-12-24,1472.900024,1476.050049,1451.199951,1460.599976,372278
ACC,2019-12-26,1464.400024,1470.0,1448.099976,1451.699951,324912
ACC,2019-12-27,1456.0,1470.0,1448.650024,1451.300049,395778
ACC,2019-12-30,1455.599976,1474.949951,1450.400024,1453.050049,433982
ACC,2019-12-31,1454.5,1460.0,1441.550049,1445.650024,581119
ACC,2020-01-01,1452.5,1457.0,1438.199951,1440.099976,321092
ACC,2020-01-02,1442.0,1501.699951,1442.0,1493.050049,1503364
ACC,2020-01-03,1493.0,1494.0,1467.099976,1476.300049,568262
ACC,2020-01-06,1462.099976,1469.849976,1430.550049,1435.550049,408807
ACC,2020-01-07,1450.0,1465.050049,1436.0,1456.0,863805
ACC,2020-01-08,1435.0,1477.0,1435.0,1462.599976,981496
ACC,2020-01-09,1478.0,1491.949951,1470.900024,1486.150024,685751
ACC,2020-01-10,1495.0,1525.0,1487.25,1511.199951,1109054
ACC,2020-01-13,1518.849976,1530.699951,1514.449951,1526.150024,531138
ACC,2020-01-14,1527.0,1534.0,1510.550049,1513.900024,850556
ACC,2020-01-15,1511.900024,1533.900024,1488.0,1515.75,974275
ACC,2020-01-16,1525.199951,1529.650024,1494.0,1504.800049,650073
ACC,2020-01-17,1504.5,1522.599976,1494.050049,1512.349976,409435
ACC,2020-01-20,1517.800049,1517.800049,1495.0,1497.550049,223875
ACC,2020-01-21,1494.949951,1509.400024,1487.0,1496.099976,359320
ACC,2020-01-22,1507.949951,1537.0,1502.099976,1524.400024,1645875
ACC,2020-01-23,1526.25,1554.900024,1525.0,1548.349976,1100769
ACC,2020-01-24,1551.75,1570.75,1542.199951,1565.900024,780502
ACC,2020-01-27,1555.0,1579.599976,1544.150024,1548.849976,535508
ACC,2020-01-28,1554.900024,1576.550049,1534.0,1561.349976,696588
ACC,2020-01-29,1564.25,1574.0,1545.199951,1551.699951,405658
ACC,2020-01-30,1552.75,1556.400024,1525.349976,1531.5,415388
ACC,2020-01-31,1536.0,1552.0,1500.0,1504.599976,514199
ACC,2020-02-03,1434.0,1468.5,1431.150024,1456.550049,772603
ACC,2020-02-04,1463.800049,1506.0,1463.0,1487.25,944148
ACC,2020-02-05,1496.5,1496.5,1463.300049,1469.800049,1005046
ACC,2020-02-06,1477.099976,1493.699951,1460.199951,1489.699951,820849
ACC,2020-02-07,1491.0,1513.5,1488.099976,1502.699951,1060729
ACC,2020-02-10,1498.0,1500.0,1446.0,1451.349976,1635221
ACC,2020-02-11,1461.0,1471.0,1436.650024,1439.5,844758
ACC,2020-02-12,1447.0,1460.800049,1432.150024,1448.849976,611220
ACC,2020-02-13,1451.0,1458.050049,1437.099976,1439.650024,509514
ACC,2020-02-14,1448.550049,1458.0,1429.550049,1440.400024,809439
ACC,2020-02-17,1445.0,1446.550049,1416.099976,1423.949951,571157
ACC,2020-02-18,1425.0,1428.949951,1402.599976,1422.349976,1094853
ACC,2020-02-19,1430.050049,1443.5,1422.599976,1433.550049,426086
ACC,2020-02-20,1430.0,1451.75,1420.25,1423.449951,558883
ACC,2020-02-24,1419.900024,1438.0,1401.0,1407.199951,627609
ACC,2020-02-25,1414.0,1417.349976,1394.0,1401.099976,676341
ACC,2020-02-26,1399.0,1418.699951,1387.349976,1399.5,886570
ACC,2020-02-27,1399.5,1407.949951,1373.0,1383.349976,751373
ACC,2020-02-28,1363.349976,1364.75,1312.050049,1320.849976,594201
ACC,2020-03-02,1340.449951,1356.449951,1270.0,1284.199951,612866
ACC,2020-03-03,1288.0,1342.0,1288.0,1335.25,701334
ACC,2020-03-04,1340.349976,1344.449951,1294.150024,1325.599976,630269
ACC,2020-03-05,1328.900024,1344.900024,1297.150024,1302.599976,826033
ACC,2020-03-06,1258.900024,1306.800049,1248.0,1300.949951,728668
ACC,2020-03-09,1276.75,1292.349976,1227.550049,1248.349976,933025
ACC,2020-03-11,1243.0,1264.75,1211.25,1215.449951,875884
ACC,2020-03-12,1161.0,1163.949951,1082.650024,1143.300049,1840416
ACC,2020-03-13,1079.349976,1189.300049,1020.150024,1179.449951,1195003
ACC,2020-03-16,1129.0,1149.699951,1095.0,1133.400024,1080894
ACC,2020-03-17,1141.099976,1162.349976,1103.050049,1124.699951,1156407
ACC,2020-03-18,1137.199951,1144.949951,1069.099976,1079.099976,819359
ACC,2020-03-19,1033.900024,1131.75,1000.450012,1089.949951,1213355
ACC,2020-03-20,1085.099976,1146.5,1060.599976,1127.900024,844047
ACC,2020-03-23,1034.0,1068.75,988.0,998.450012,574633
ACC,2020-03-24,1014.0,1030.0,941.0,947.75,1031111
ACC,2020-03-25,928.0,939.599976,895.150024,918.200012,2864743
ACC,2020-03-26,921.799988,980.0,896.0,966.049988,2279406
ACC,2020-03-27,1000.0,1010.0,940.0,959.150024,1191624
ACC,2020-03-30,939.799988,959.0,924.049988,934.450012,896815
ACC,2020-03-31,959.0,985.849976,938.349976,968.5,1283873
ACC,2020-04-01,964.799988,969.0,948.0,963.450012,1020894
ACC,2020-04-03,960.0,969.799988,936.950012,962.599976,1221285
ACC,2020-04-07,976.0,1018.799988,973.099976,1009.950012,1579258
ACC,2020-04-08,1000.0,1029.900024,941.25,956.049988,2153622
ACC,2020-04-09,972.0,1015.0,951.799988,999.5,2658881
ACC,2020-04-13,1015.0,1122.099976,1001.450012,1067.25,3572078
ACC,2020-04-15,1087.0,1163.0,1077.25,1137.949951,2931467
ACC,2020-04-16,1146.449951,1165.0,1116.849976,1148.449951,1548843
ACC,2020-04-17,1169.0,1193.25,1136.199951,1172.800049,1614409
ACC,2020-04-20,1189.949951,1210.75,1170.099976,1175.5,1951458
ACC,2020-04-21,1167.0,1167.0,1132.449951,1136.75,1379968
ACC,2020-04-22,1155.150024,1244.0,1120.0,1229.550049,4910641
ACC,2020-04-23,1228.949951,1237.949951,1177.550049,1190.449951,2072230
ACC,2020-04-24,1182.0,1193.0,1151.699951,1156.599976,1332181
ACC,2020-04-27,1170.099976,1181.0,1134.5,1137.900024,1469480
ACC,2020-04-28,1158.0,1158.0,1122.0,1126.5,1094402
ACC,2020-04-29,1128.0,1140.0,1107.0,1122.199951,1998171
ACC,2020-04-30,1139.25,1192.800049,1137.0,1179.099976,1910075
ACC,2020-05-04,1130.0,1149.400024,1117.199951,1126.800049,960797
ACC,2020-05-05,1137.650024,1168.449951,1125.75,1134.599976,2292647
ACC,2020-05-06,1145.0,1190.0,1141.699951,1182.25,2397623
ACC,2020-05-07,1178.900024,1204.0,1147.050049,1152.650024,1390594
ACC,2020-05-08,1166.0,1179.0,1145.349976,1153.800049,993471
ACC,2020-05-11,1162.0,1187.949951,1160.050049,1170.199951,988408
ACC,2020-05-12,1165.800049,1172.400024,1147.199951,1167.599976,726718
ACC,2020-05-13,1220.0,1257.0,1195.25,1207.949951,3601199
ACC,2020-05-14,1200.0,1219.400024,1175.5,1189.0,1301078
ACC,2020-05-15,1200.0,1205.0,1173.0,1194.199951,1267981
ACC,2020-05-18,1202.0,1202.0,1125.0,1134.550049,1191013
ACC,2020-05-19,1140.050049,1159.0,1130.0,1138.449951,1149445
ACC,2020-05-20,1136.449951,1176.949951,1130.599976,1170.849976,972861
ACC,2020-05-21,1175.0,1200.75,1170.0,1187.599976,1009392
ACC,2020-05-22,1172.0,1240.0,1161.599976,1227.099976,1632163
ACC,2020-05-26,1236.0,1282.800049,1236.0,1277.449951,2562397
ACC,2020-05-27,1287.0,1288.0,1242.199951,1259.550049,1483250
ACC,2020-05-28,1263.400024,1278.550049,1256.0,1272.199951,1132216
ACC,2020-05-29,1268.0,1297.949951,1261.050049,1270.199951,1162838
ACC,2020-06-01,1283.0,1310.0,1273.050049,1283.75,1110142
ACC,2020-06-02,1282.0,1299.300049,1272.800049,1287.099976,980515
ACC,2020-06-03,1293.0,1307.0,1252.0,1261.300049,1460106
ACC,2020-06-04,1261.300049,1277.25,1240.199951,1269.099976,1305261
ACC,2020-06-05,1273.0,1305.0,1272.0,1297.349976,1214150
ACC,2020-06-08,1315.0,1316.300049,1269.0,1274.050049,1163443
ACC,2020-06-09,1285.0,1293.599976,1243.349976,1250.449951,1238774
ACC,2020-06-10,1252.0,1284.900024,1252.0,1275.300049,1220062
ACC,2020-06-11,1265.0,1282.699951,1240.800049,1244.550049,865237
ACC,2020-06-12,1180.0,1274.0,1180.0,1268.800049,1161457
ACC,2020-06-15,1263.5,1270.0,1241.5,1250.900024,740341
ACC,2020-06-16,1270.0,1278.199951,1222.75,1239.25,855364
ACC,2020-06-17,1235.0,1245.0,1220.599976,1232.5,735479
ACC,2020-06-18,1230.0,1258.25,1225.0,1253.349976,644001
ACC,2020-06-19,1252.0,1284.900024,1246.099976,1272.0,904528
ACC,2020-06-22,1273.0,1278.800049,1257.099976,1263.449951,498504
ACC,2020-06-23,1268.099976,1306.699951,1263.050049,1302.199951,1138470
ACC,2020-06-24,1304.0,1319.699951,1255.0,1265.650024,1403063
ACC,2020-06-25,1263.0,1281.800049,1245.0,1251.099976,733629
ACC,2020-06-26,1256.0,1295.0,1252.449951,1288.599976,999751
ACC,2020-06-29,1279.949951,1293.849976,1265.5,1289.199951,825390
ACC,2020-06-30,1293.0,1335.599976,1288.25,1332.25,2752795
ACC,2020-07-01,1339.949951,1340.0,1308.650024,1325.949951,1411786
ACC,2020-07-02,1329.800049,1340.0,1318.25,1328.849976,1008546
ACC,2020-07-03,1330.0,1337.550049,1306.0,1314.949951,1019896
ACC,2020-07-06,1317.0,1334.949951,1307.0,1328.0,1070274
ACC,2020-07-07,1327.900024,1327.900024,1307.849976,1313.099976,796319
ACC,2020-07-08,1313.099976,1320.699951,1290.599976,1312.900024,1102284
ACC,2020-07-09,1319.0,1333.75,1306.300049,1322.900024,1366285
ACC,2020-07-10,1321.5,1328.0,1306.099976,1310.25,832336
ACC,2020-07-13,1310.25,1353.5,1310.25,1346.0,1707182
ACC,2020-07-14,1342.0,1359.900024,1287.0,1294.099976,2524296
ACC,2020-07-15,1301.0,1313.449951,1285.0,1287.0,1351332
ACC,2020-07-16,1287.5,1305.0,1253.0,1299.900024,1425257
ACC,2020-07-17,1304.400024,1320.0,1297.949951,1315.849976,1179361
ACC,2020-07-20,1315.849976,1334.800049,1314.5,1329.800049,1539073
ACC,2020-07-21,1370.050049,1423.949951,1367.449951,1379.25,5958692
ACC,2020-07-22,1388.0,1389.300049,1361.0,1372.300049,1133966
ACC,2020-07-23,1375.0,1387.599976,1357.0,1360.099976,1388277
ACC,2020-07-24,1350.599976,1360.0,1339.0,1343.800049,955293
ACC,2020-07-27,1353.0,1372.949951,1338.0,1363.400024,1271972
ACC,2020-07-28,1367.949951,1405.0,1362.050049,1400.599976,1198590
ACC,2020-07-29,1403.300049,1427.699951,1392.0,1410.949951,1634224
ACC,2020-07-30,1416.599976,1450.699951,1411.5,1447.199951,1624774
ACC,2020-07-31,1454.800049,1454.900024,1418.0,1425.449951,940224
ACC,2020-08-03,1423.400024,1452.949951,1410.050049,1414.099976,1203679
ACC,2020-08-04,1419.75,1429.849976,1397.099976,1401.449951,753109
ACC,2020-08-05,1400.0,1429.5,1390.0,1411.900024,1079939
ACC,2020-08-06,1413.099976,1425.0,1400.0,1406.199951,544735
ACC,2020-08-07,1407.0,1423.050049,1392.5,1397.199951,690559
ACC,2020-08-10,1402.099976,1408.949951,1386.099976,1400.25,551249
ACC,2020-08-11,1411.400024,1434.949951,1400.099976,1412.550049,1072938
ACC,2020-08-12,1415.0,1415.0,1392.0,1406.900024,646766
ACC,2020-08-13,1417.849976,1427.949951,1391.75,1394.550049,894757
ACC,2020-08-14,1390.0,1416.800049,1380.449951,1385.300049,969191
ACC,2020-08-17,1397.0,1397.0,1372.300049,1387.599976,586864
ACC,2020-08-18,1390.0,1437.300049,1390.0,1431.949951,1124291
ACC,2020-08-19,1440.0,1444.0,1425.0,1429.300049,712568
ACC,2020-08-20,1424.900024,1440.900024,1411.650024,1419.400024,431512
ACC,2020-08-21,1425.25,1435.0,1417.0,1422.099976,404214
ACC,2020-08-24,1425.150024,1439.0,1418.0,1421.449951,426151
ACC,2020-08-25,1427.900024,1429.0,1399.0,1401.900024,660576
ACC,2020-08-26,1403.0,1410.349976,1387.050049,1397.849976,498770
ACC,2020-08-27,1398.099976,1415.699951,1393.75,1400.050049,538452
ACC,2020-08-28,1405.199951,1420.0,1391.099976,1396.400024,466779
ACC,2020-08-31,1393.0,1403.199951,1313.050049,1321.800049,1157576
ACC,2020-09-01,1323.050049,1344.900024,1303.550049,1338.650024,865323
ACC,2020-09-02,1333.0,1361.800049,1326.650024,1357.849976,713412
ACC,2020-09-03,1362.5,1365.75,1329.199951,1338.099976,643146
ACC,2020-09-04,1301.349976,1327.949951,1301.349976,1309.0,783809
ACC,2020-09-07,1315.0,1343.75,1289.0,1339.849976,1963860
ACC,2020-09-08,1339.800049,1339.800049,1303.300049,1308.5,749560
ACC,2020-09-09,1304.449951,1321.699951,1290.0,1315.900024,778883
ACC,2020-09-10,1327.449951,1355.400024,1307.0,1343.25,677822
ACC,2020-09-11,1346.150024,1354.0,1315.650024,1321.550049,1148189
ACC,2020-09-14,1350.0,1383.25,1343.300049,1367.349976,1717693
ACC,2020-09-15,1368.0,1389.0,1350.75,1386.900024,847977
ACC,2020-09-16,1384.400024,1396.449951,1376.0,1389.699951,1134201
ACC,2020-09-17,1388.25,1413.599976,1383.150024,1409.599976,1421777
ACC,2020-09-18,1411.0,1438.050049,1409.050049,1431.800049,1270015
ACC,2020-09-21,1431.400024,1431.400024,1366.199951,1377.75,437367
ACC,2020-09-22,1380.0,1393.699951,1345.699951,1360.650024,710190
ACC,2020-09-23,1360.0,1369.150024,1326.400024,1354.699951,604886
ACC,2020-09-24,1338.5,1350.0,1293.650024,1303.650024,629524
ACC,2020-09-25,1306.0,1339.75,1295.849976,1333.349976,753140
ACC,2020-09-28,1348.0,1380.75,1341.0,1375.400024,743554
ACC,2020-09-29,1380.400024,1398.599976,1358.300049,1379.150024,1172432
ACC,2020-09-30,1385.099976,1402.0,1372.900024,1393.449951,608846
ACC,2020-10-01,1410.0,1423.0,1396.0,1415.099976,850859
ACC,2020-10-05,1420.0,1429.5,1402.0,1419.75,842747
ACC,2020-10-06,1423.199951,1448.5,1416.25,1437.699951,764143
ACC,2020-10-07,1440.400024,1503.849976,1432.150024,1481.75,2432770
ACC,2020-10-08,1482.199951,1523.650024,1468.449951,1517.900024,1599072
ACC,2020-10-09,1511.599976,1531.5,1502.0,1507.199951,1015633
ACC,2020-10-12,1501.099976,1529.800049,1473.099976,1516.949951,1468639
ACC,2020-10-13,1515.0,1565.900024,1508.0,1521.849976,2377141
ACC,2020-10-14,1521.800049,1555.650024,1507.199951,1549.5,1387895
ACC,2020-10-15,1551.0,1562.400024,1512.5,1522.400024,801810
ACC,2020-10-16,1520.0,1566.0,1512.400024,1561.150024,1364090
ACC,2020-10-19,1569.0,1575.0,1538.199951,1562.650024,1643909
ACC,2020-10-20,1582.099976,1622.099976,1562.0,1579.550049,6433186
ACC,2020-10-21,1585.349976,1625.599976,1581.050049,1620.150024,2491966
ACC,2020-10-22,1618.0,1636.199951,1604.050049,1629.0,1839267
ACC,2020-10-23,1635.0,1635.300049,1595.0,1604.550049,1189152
ACC,2020-10-26,1604.900024,1614.800049,1573.5,1578.800049,1151016
ACC,2020-10-27,1579.800049,1700.0,1579.800049,1683.849976,3953879
ACC,2020-10-28,1667.550049,1680.0,1622.099976,1638.900024,1583118
ACC,2020-10-29,1619.0,1658.099976,1611.0,1651.900024,1386459
ACC,2020-10-30,1650.300049,1698.900024,1623.050049,1649.0,2458186
ACC,2020-11-02,1649.0,1671.0,1630.0,1665.849976,1106012
ACC,2020-11-03,1672.400024,1687.199951,1645.0,1661.300049,1021590
ACC,2020-11-04,1661.0,1681.949951,1658.0,1676.349976,973399
ACC,2020-11-05,1692.0,1703.199951,1668.650024,1699.400024,1203200
ACC,2020-11-06,1701.900024,1702.650024,1650.099976,1654.199951,1287283
ACC,2020-11-09,1668.099976,1683.0,1647.0,1669.699951,1615110
ACC,2020-11-10,1679.0,1696.949951,1648.0,1659.300049,1349064
ACC,2020-11-11,1666.0,1679.900024,1648.099976,1670.150024,2155521
ACC,2020-11-12,1673.800049,1686.050049,1652.349976,1674.900024,1514164
ACC,2020-11-13,1674.0,1684.5,1657.699951,1676.349976,727938
ACC,2020-11-14,1677.900024,1682.949951,1658.0,1668.050049,91090
ACC,2020-11-17,1671.300049,1723.900024,1671.300049,1694.800049,2626953
ACC,2020-11-18,1694.800049,1709.800049,1672.150024,1686.300049,1817408
ACC,2020-11-19,1673.650024,1719.0,1667.400024,1679.800049,1382091
ACC,2020-11-20,1684.0,1713.949951,1680.0,1686.800049,1245196
ACC,2020-11-23,1704.0,1757.0,1697.0,1725.550049,2654717
ACC,2020-11-24,1725.5,1738.550049,1691.900024,1696.599976,1638351
ACC,2020-11-25,1710.0,1716.0,1660.0,1664.75,1045474
ACC,2020-11-26,1668.349976,1700.0,1654.0,1692.5,1115726
ACC,2020-11-27,1704.699951,1720.0,1672.599976,1705.050049,7926397
ACC,2020-12-01,1738.0,1785.0,1705.900024,1747.900024,3242401
ACC,2020-12-02,1745.0,1748.849976,1701.300049,1729.25,1326419
ACC,2020-12-03,1739.75,1742.900024,1707.099976,1718.099976,725291
ACC,2020-12-04,1726.599976,1732.949951,1654.550049,1665.949951,2540286
ACC,2020-12-07,1682.599976,1682.599976,1637.699951,1660.550049,1578664
ACC,2020-12-08,1669.0,1700.0,1665.199951,1684.5,2224442
ACC,2020-12-09,1695.0,1699.099976,1653.0,1656.599976,1662078
ACC,2020-12-10,1629.0,1649.949951,1618.25,1632.650024,1873212
ACC,2020-12-11,1642.699951,1659.949951,1605.0,1608.75,1824475
ACC,2020-12-14,1619.849976,1630.0,1610.0,1615.050049,980845
ACC,2020-12-15,1624.0,1639.099976,1607.599976,1634.449951,1169280
ACC,2020-12-16,1644.949951,1649.800049,1624.25,1633.099976,821837
ACC,2020-12-17,1639.400024,1659.849976,1634.0,1639.300049,1203365
ACC,2020-12-18,1647.0,1654.75,1625.0,1648.300049,1653822
ACC,2020-12-21,1648.0,1648.0,1485.0,1570.349976,1990374
ACC,2020-12-22,1572.849976,1587.900024,1520.0,1564.949951,1350612
ACC,2020-12-23,1547.0,1583.0,1541.0,1578.849976,1079550
ACC,2020-12-24,1690.0,1694.400024,1605.199951,1614.650024,3608554
ACC,2020-12-28,1614.0,1625.75,1600.0,1622.449951,1084367
ACC,2020-12-29,1632.099976,1632.699951,1605.599976,1616.75,803645
ACC,2020-12-30,1619.900024,1652.550049,1600.0,1648.25,1718433
ACC,2020-12-31,1648.0,1648.0,1610.650024,1617.650024,1350169
ACC,2021-01-01,1617.199951,1632.0,1615.650024,1626.099976,647892
ACC,2021-01-04,1634.0,1649.0,1628.0,1641.400024,1446174
ACC,2021-01-05,1639.949951,1655.25,1629.25,1645.300049,1229551
ACC,2021-01-06,1658.0,1679.0,1641.0,1674.449951,1755315
ACC,2021-01-07,1691.25,1720.0,1683.199951,1704.349976,2052711
ACC,2021-01-08,1720.0,1769.550049,1713.050049,1761.25,2133816
ACC,2021-01-11,1743.949951,1799.0,1743.5,1787.050049,1677994
ACC,2021-01-12,1783.0,1814.0,1775.099976,1795.099976,1505259
ACC,2021-01-13,1795.150024,1811.699951,1771.099976,1792.400024,922665
ACC,2021-01-14,1790.0,1805.0,1773.0,1785.5,627682
ACC,2021-01-15,1780.0,1785.900024,1718.25,1740.099976,1238841
ACC,2021-01-18,1738.0,1746.349976,1670.25,1701.5,965219
ACC,2021-01-19,1703.599976,1720.900024,1690.0,1712.400024,1062139
ACC,2021-01-20,1714.0,1718.650024,1688.0,1710.050049,841615
ACC,2021-01-21,1720.400024,1726.650024,1656.0,1665.75,1486010
ACC,2021-01-22,1674.0,1708.949951,1653.25,1694.849976,1280708
ACC,2021-01-25,1724.550049,1725.650024,1658.0,1663.150024,905403
ACC,2021-01-27,1657.699951,1675.949951,1624.199951,1637.849976,891651
ACC,2021-01-28,1617.849976,1638.900024,1608.099976,1633.099976,584432
ACC,2021-01-29,1645.0,1655.0,1593.400024,1603.849976,859756
ACC,2021-02-01,1625.0,1696.949951,1584.199951,1685.449951,952374
ACC,2021-02-02,1700.0,1784.0,1691.050049,1762.849976,1697944
ACC,2021-02-03,1770.0,1783.949951,1719.800049,1727.650024,893327
ACC,2021-02-04,1734.5,1761.400024,1716.349976,1748.949951,952288
ACC,2021-02-05,1755.0,1763.0,1715.0,1723.0,1089231
ACC,2021-02-08,1736.0,1776.0,1727.0,1763.900024,1247842
ACC,2021-02-09,1771.849976,1779.0,1753.25,1761.650024,791259
ACC,2021-02-10,1769.0,1802.449951,1747.0,1761.75,1419214
ACC,2021-02-11,1750.0,1790.0,1742.0,1775.949951,1521543
ACC,2021-02-12,1751.0,1813.599976,1716.099976,1765.75,3673122
ACC,2021-02-15,1785.0,1798.0,1766.650024,1788.050049,911884
ACC,2021-02-16,1791.0,1843.550049,1784.949951,1819.300049,1937730
ACC,2021-02-17,1820.0,1837.0,1807.0,1819.75,860949
ACC,2021-02-18,1833.099976,1838.099976,1775.150024,1787.900024,634760
ACC,2021-02-19,1800.0,1801.75,1735.5,1747.349976,767848
ACC,2021-02-22,1749.800049,1754.900024,1689.650024,1700.349976,533284
ACC,2021-02-23,1714.900024,1724.949951,1686.050049,1697.050049,735863
ACC,2021-02-24,1708.0,1745.0,1708.0,1730.650024,481605
ACC,2021-02-25,1742.0,1810.0,1730.099976,1801.25,1114144
ACC,2021-02-26,1780.0,1847.0,1712.0,1733.199951,2973895
ACC,2021-03-01,1754.400024,1779.849976,1725.699951,1774.400024,890744
ACC,2021-03-02,1779.0,1812.949951,1760.050049,1771.800049,824150
ACC,2021-03-03,1784.0,1817.75,1773.199951,1796.400024,841356
ACC,2021-03-04,1774.199951,1863.900024,1765.25,1853.699951,1152626
ACC,2021-03-05,1859.0,1894.0,1812.5,1824.449951,2338230
ACC,2021-03-08,1836.449951,1853.400024,1813.5,1822.800049,757659
ACC,2021-03-09,1830.0,1856.599976,1795.099976,1827.849976,825196
ACC,2021-03-10,1838.900024,1844.0,1810.75,1835.050049,645527
ACC,2021-03-12,1843.900024,1848.0,1782.0,1787.650024,1032982
ACC,2021-03-15,1792.0,1798.75,1741.099976,1767.099976,715924
ACC,2021-03-16,1771.099976,1789.75,1760.900024,1766.150024,530988
ACC,2021-03-17,1766.099976,1776.949951,1721.550049,1727.650024,871784
ACC,2021-03-18,1744.949951,1749.0,1711.050049,1731.75,933344
ACC,2021-03-19,1721.800049,1770.0,1692.0,1755.0,1091315
ACC,2021-03-22,1760.0,1873.900024,1751.199951,1860.0,4627665
ACC,2021-03-23,1859.949951,1925.0,1839.599976,1913.75,1921529
ACC,2021-03-24,1909.0,1923.300049,1888.0,1892.25,1293661
ACC,2021-03-25,1909.0,1912.0,1841.699951,1850.0,981995
ACC,2021-03-26,1865.0,1888.0,1848.0,1861.949951,572651
ACC,2021-03-30,1864.0,1905.0,1858.150024,1874.050049,621135
ACC,2021-03-31,1876.550049,1920.599976,1867.5,1903.25,672297
ACC,2021-04-01,1920.0,1920.0,1886.949951,1913.349976,765296
ACC,2021-04-05,1908.0,1937.0,1872.099976,1894.400024,1272161
ACC,2021-04-06,1904.900024,1922.699951,1890.050049,1908.449951,965415
ACC,2021-04-07,1919.5,1954.5,1901.900024,1918.449951,1643523
ACC,2021-04-08,1925.0,2010.0,1924.0,1981.650024,948277
ACC,2021-04-09,1999.0,2022.849976,1948.449951,1960.75,1376841
ACC,2021-04-12,1934.949951,1934.949951,1860.349976,1885.699951,810830
ACC,2021-04-13,1895.0,1904.949951,1858.0,1882.150024,531684
ACC,2021-04-15,1890.0,1896.199951,1812.0,1836.650024,706453
ACC,2021-04-16,1842.099976,1902.349976,1840.199951,1881.75,1061445
ACC,2021-04-19,1859.550049,1881.900024,1826.5,1876.75,1288212
ACC,2021-04-20,1980.0,1980.0,1810.0,1825.800049,5873433
ACC,2021-04-22,1824.949951,1850.0,1782.25,1831.650024,1662315
ACC,2021-04-23,1825.900024,1854.900024,1802.0,1812.900024,886188
ACC,2021-04-26,1818.0,1851.949951,1817.25,1844.75,833521
ACC,2021-04-27,1845.349976,1867.449951,1836.300049,1859.75,908739
ACC,2021-04-28,1871.0,1884.949951,1850.0,1872.150024,879407
ACC,2021-04-29,1881.0,1886.800049,1855.0,1877.050049,597466
ACC,2021-04-30,1869.0,1903.449951,1855.050049,1882.75,1081167
ACC,2021-05-03,1860.0,1904.900024,1853.199951,1898.0,501054
ACC,2021-05-04,1912.0,1915.0,1866.0,1869.0,478133
ACC,2021-05-05,1875.0,1897.949951,1870.099976,1888.550049,381806
ACC,2021-05-06,1895.0,1908.5,1877.199951,1896.25,292905
ACC,2021-05-07,1903.0,1928.900024,1896.050049,1904.75,641334
ACC,2021-05-10,1918.5,1921.0,1880.25,1885.699951,575662
ACC,2021-05-11,1870.0,1920.0,1860.25,1909.949951,692022
ACC,2021-05-12,1903.900024,1909.949951,1877.0,1882.699951,464947
ACC,2021-05-14,1893.75,1898.900024,1854.0,1876.800049,567649
ACC,2021-05-17,1877.349976,1907.75,1867.400024,1903.599976,534633
ACC,2021-05-18,1916.0,1951.849976,1906.050049,1939.949951,874925
ACC,2021-05-19,1939.449951,1982.0,1917.0,1927.25,963994
ACC,2021-05-20,1940.0,1963.5,1921.0,1958.150024,696109
ACC,2021-05-21,1970.050049,1987.949951,1959.300049,1965.25,674816
ACC,2021-05-24,1968.0,1997.900024,1953.0,1984.449951,657392
ACC,2021-05-25,1995.0,1995.400024,1953.400024,1961.199951,501731
ACC,2021-05-26,1962.449951,1981.900024,1957.199951,1977.449951,444885
ACC,2021-05-27,1979.300049,2040.0,1966.650024,2000.150024,1967922
ACC,2021-05-28,1994.900024,2009.599976,1975.0,1985.449951,415702
ACC,2021-05-31,1979.099976,2001.400024,1968.5,1986.050049,443113
ACC,2021-06-01,1990.0,2001.0,1959.75,1973.449951,297295
ACC,2021-06-02,1975.25,2007.300049,1970.900024,1997.099976,447284
ACC,2021-06-03,1999.150024,2030.0,1999.150024,2027.349976,571072
ACC,2021-06-04,2024.0,2037.099976,2005.0,2009.900024,219638
ACC,2021-06-07,2015.5,2058.899902,2011.0,2045.949951,494925
ACC,2021-06-08,2050.0,2062.600098,2026.300049,2042.650024,314233
ACC,2021-06-09,2045.0,2045.400024,1990.699951,2004.400024,470131
ACC,2021-06-10,2015.0,2037.0,2004.400024,2030.300049,364626
ACC,2021-06-11,2030.300049,2043.699951,2013.150024,2024.5,173453
ACC,2021-06-14,2022.0,2043.5,1990.050049,2040.550049,262106
ACC,2021-06-15,2042.0,2066.0,2031.050049,2042.949951,303143
ACC,2021-06-16,2042.0,2053.0,2013.400024,2020.5,152299
ACC,2021-06-17,2005.0,2062.949951,2005.0,2042.199951,412228
ACC,2021-06-18,2043.25,2063.0,1996.199951,2027.900024,502755
ACC,2021-06-21,2009.5,2041.900024,1988.900024,2028.099976,478588
ACC,2021-06-22,2032.949951,2078.0,2028.650024,2049.350098,712732
ACC,2021-06-23,2049.699951,2059.899902,2025.0,2030.550049,268921
ACC,2021-06-24,2025.0,2040.699951,2019.099976,2027.449951,253261
ACC,2021-06-25,2028.900024,2048.0,2028.0,2041.150024,329128
ACC,2021-06-28,2046.0,2059.949951,2023.099976,2050.949951,380090
ACC,2021-06-29,2054.300049,2064.899902,2040.0,2053.050049,279895
ACC,2021-06-30,2052.199951,2052.449951,2008.050049,2014.800049,450373
ACC,2021-07-01,2021.800049,2021.800049,1991.699951,1996.0,335738
ACC,2021-07-02,2003.900024,2004.349976,1978.0,1987.25,293738
ACC,2021-07-05,1997.650024,2006.599976,1975.0,1982.75,328547
ACC,2021-07-06,1987.849976,2058.550049,1983.050049,2022.849976,1171831
ACC,2021-07-07,2031.699951,2044.449951,2012.900024,2036.550049,339727
ACC,2021-07-08,2041.0,2057.350098,2022.0,2029.5,342553
ACC,2021-07-09,2029.5,2040.0,2017.099976,2037.25,174442
ACC,2021-07-12,2042.5,2087.0,2042.5,2072.300049,770557
ACC,2021-07-13,2082.0,2091.699951,2070.5,2084.800049,420437
ACC,2021-07-14,2083.649902,2097.949951,2070.899902,2081.550049,363780
ACC,2021-07-15,2080.0,2125.100098,2068.699951,2112.449951,710905
ACC,2021-07-16,2122.449951,2135.0,2112.0,2129.350098,425910
ACC,2021-07-19,2117.899902,2168.0,2105.199951,2151.899902,666887
ACC,2021-07-20,2226.0,2344.050049,2192.199951,2308.850098,8593295
ACC,2021-07-22,2340.0,2340.0,2271.100098,2290.25,1010305
ACC,2021-07-23,2296.149902,2375.0,2292.5,2337.550049,1664900
ACC,2021-07-26,2337.300049,2374.800049,2308.100098,2369.199951,695393
ACC,2021-07-27,2371.0,2395.0,2356.800049,2371.699951,1017264
ACC,2021-07-28,2369.0,2397.199951,2330.25,2393.899902,437170
ACC,2021-07-29,2400.0,2413.0,2349.800049,2364.0,677603
ACC,2021-07-30,2365.0,2415.0,2360.0,2394.100098,465284
ACC,2021-08-02,2395.0,2434.399902,2381.199951,2424.0,464987
ACC,2021-08-03,2420.0,2440.800049,2392.0,2433.100098,538219
ACC,2021-08-04,2433.0,2454.949951,2393.0,2398.600098,380386
ACC,2021-08-05,2400.050049,2413.699951,2375.199951,2392.199951,399193
ACC,2021-08-06,2382.100098,2398.800049,2335.399902,2341.350098,516746
ACC,2021-08-09,2348.0,2366.550049,2304.0,2312.600098,449768
ACC,2021-08-10,2324.0,2330.0,2266.949951,2296.949951,321608
ACC,2021-08-11,2297.0,2327.949951,2248.550049,2276.050049,401413
ACC,2021-08-12,2278.350098,2329.949951,2255.0,2292.0,593594
ACC,2021-08-13,2295.449951,2322.699951,2273.75,2308.600098,275083
ACC,2021-08-16,2309.800049,2325.0,2290.0,2296.25,293777
ACC,2021-08-17,2300.0,2315.0,2271.0,2308.75,309125
ACC,2021-08-18,2315.149902,2363.850098,2311.199951,2356.300049,965286
ACC,2021-08-20,2330.149902,2373.800049,2281.0,2290.550049,596640
ACC,2021-08-23,2300.0,2320.0,2230.550049,2261.449951,477873
ACC,2021-08-24,2267.050049,2293.850098,2257.0,2280.949951,423186
ACC,2021-08-25,2285.149902,2305.0,2255.199951,2267.350098,339700
ACC,2021-08-26,2270.800049,2286.5,2258.25,2275.550049,373379
ACC,2021-08-27,2279.949951,2354.649902,2266.300049,2348.100098,591864
ACC,2021-08-30,2352.0,2390.0,2350.0,2386.5,456720
ACC,2021-08-31,2393.800049,2419.699951,2365.5,2413.199951,580467
ACC,2021-09-01,2420.0,2437.399902,2393.050049,2424.050049,418473
ACC,2021-09-02,2428.899902,2498.0,2413.149902,2474.199951,589580
ACC,2021-09-03,2483.300049,2485.0,2436.300049,2469.0,444256
ACC,2021-09-06,2487.899902,2509.0,2469.0,2472.75,426552
ACC,2021-09-07,2476.0,2494.0,2444.699951,2483.5,322194
ACC,2021-09-08,2478.100098,2486.899902,2431.25,2448.949951,312258
ACC,2021-09-09,2440.0,2463.0,2433.5,2458.75,181417
ACC,2021-09-13,2460.0,2479.899902,2420.350098,2471.399902,265232
ACC,2021-09-14,2470.0,2475.050049,2437.550049,2442.949951,174874
ACC,2021-09-15,2448.0,2479.600098,2442.600098,2467.399902,234175
ACC,2021-09-16,2476.600098,2479.399902,2416.25,2429.699951,264530
ACC,2021-09-17,2440.0,2444.0,2372.300049,2394.850098,538103
ACC,2021-09-20,2378.0,2390.0,2320.0,2325.949951,299170
ACC,2021-09-21,2325.949951,2339.899902,2284.0,2332.300049,567297
ACC,2021-09-22,2339.300049,2379.0,2331.100098,2365.550049,308803
ACC,2021-09-23,2375.0,2380.5,2340.050049,2351.050049,380958
ACC,2021-09-24,2368.0,2372.949951,2281.0,2298.75,434577
ACC,2021-09-27,2305.550049,2346.75,2286.5,2331.850098,363257
ACC,2021-09-28,2334.0,2357.899902,2286.050049,2300.25,304307
ACC,2021-09-29,2290.0,2293.350098,2245.100098,2271.100098,518866
ACC,2021-09-30,2270.199951,2276.899902,2251.199951,2254.5,300368
ACC,2021-10-01,2237.0,2258.0,2211.350098,2237.5,319800
ACC,2021-10-04,2245.0,2283.949951,2233.0,2265.649902,394631
ACC,2021-10-05,2253.149902,2284.0,2253.149902,2263.699951,251071
ACC,2021-10-06,2265.949951,2278.0,2194.350098,2203.25,446408
ACC,2021-10-07,2215.300049,2276.0,2215.300049,2265.850098,318393
ACC,2021-10-08,2273.0,2284.899902,2235.449951,2240.899902,249365
ACC,2021-10-11,2250.0,2274.800049,2242.149902,2249.850098,211576
ACC,2021-10-12,2245.0,2259.0,2226.949951,2245.649902,183872
ACC,2021-10-13,2257.5,2269.800049,2250.0,2259.699951,280779
ACC,2021-10-14,2270.0,2349.5,2267.0,2309.850098,1290679
ACC,2021-10-18,2364.0,2364.0,2291.850098,2304.399902,627590
ACC,2021-10-19,2319.0,2328.0,2232.449951,2242.75,679577
ACC,2021-10-20,2289.0,2359.0,2221.0,2263.600098,3817624
ACC,2021-10-21,2285.949951,2286.75,2202.850098,2236.350098,803674
ACC,2021-10-22,2241.199951,2259.350098,2165.0,2212.050049,528370
ACC,2021-10-25,2210.0,2215.949951,2142.050049,2208.449951,683253
ACC,2021-10-26,2215.0,2244.949951,2210.0,2236.300049,484377
ACC,2021-10-27,2238.399902,2275.0,2233.5,2249.399902,471518
ACC,2021-10-28,2252.0,2324.899902,2245.0,2287.850098,889979
ACC,2021-10-29,2285.0,2354.800049,2237.550049,2333.399902,732835
ACC,2021-11-01,2345.050049,2399.800049,2328.399902,2374.300049,703217
ACC,2021-11-02,2385.0,2416.0,2374.899902,2392.0,461093
ACC,2021-11-03,2404.149902,2428.75,2394.149902,2420.5,364903
ACC,2021-11-04,2425.899902,2437.449951,2419.050049,2431.449951,68940
ACC,2021-11-08,2453.850098,2530.0,2440.050049,2518.350098,878142
ACC,2021-11-09,2523.0,2552.5,2502.050049,2538.300049,531520
ACC,2021-11-10,2530.699951,2568.350098,2513.100098,2554.149902,414868
ACC,2021-11-11,2545.949951,2564.800049,2525.0,2558.199951,298854
ACC,2021-11-12,2568.0,2578.0,2546.0,2571.949951,303364
ACC,2021-11-15,2570.0,2589.0,2530.300049,2563.100098,229541
ACC,2021-11-16,2561.149902,2566.449951,2483.0,2492.75,248153
ACC,2021-11-17,2482.0,2496.350098,2463.050049,2471.550049,279037
ACC,2021-11-18,2474.800049,2502.300049,2415.100098,2440.5,237386
ACC,2021-11-22,2440.5,2445.0,2355.0,2373.550049,244687
ACC,2021-11-23,2350.0,2420.100098,2349.899902,2403.899902,209320
ACC,2021-11-24,2410.0,2428.25,2392.550049,2404.75,237362
ACC,2021-11-25,2404.899902,2413.550049,2380.0,2385.449951,201394
ACC,2021-11-26,2358.800049,2388.0,2300.100098,2311.5,208380
ACC,2021-11-29,2280.0,2325.0,2240.0,2289.600098,458730
ACC,2021-11-30,2283.149902,2322.949951,2269.850098,2286.399902,415128
ACC,2021-12-01,2296.0,2332.449951,2248.0,2253.449951,423543
ACC,2021-12-02,2248.149902,2278.75,2229.600098,2264.649902,457153
ACC,2021-12-03,2268.100098,2304.550049,2250.100098,2262.199951,439164
ACC,2021-12-06,2265.0,2272.949951,2205.0,2217.300049,234956
ACC,2021-12-07,2239.0,2254.949951,2211.0,2245.050049,293341
ACC,2021-12-08,2255.149902,2299.899902,2249.199951,2292.25,315816
ACC,2021-12-09,2294.100098,2324.0,2287.949951,2320.0,286871
ACC,2021-12-10,2319.0,2330.199951,2302.0,2315.550049,202000
ACC,2021-12-13,2329.0,2340.850098,2290.0,2296.050049,282819
ACC,2021-12-14,2280.0,2326.300049,2272.449951,2320.149902,408050
ACC,2021-12-15,2317.25,2330.800049,2275.0,2285.5,252969
ACC,2021-12-16,2297.5,2298.5,2263.0,2266.449951,247839
ACC,2021-12-17,2266.0,2274.0,2207.5,2215.050049,290265
ACC,2021-12-20,2194.899902,2199.649902,2087.800049,2115.899902,307702
ACC,2021-12-21,2136.0,2179.0,2123.850098,2138.550049,294036
ACC,2021-12-22,2148.0,2168.949951,2138.300049,2149.899902,376346
ACC,2021-12-23,2164.949951,2176.949951,2141.149902,2150.800049,323002
ACC,2021-12-24,2158.949951,2162.0,2112.5,2126.050049,152954
ACC,2021-12-27,2124.0,2139.899902,2101.0,2136.699951,112982
ACC,2021-12-28,2142.0,2162.100098,2139.199951,2151.25,704309
ACC,2021-12-29,2154.0,2166.850098,2137.050049,2162.649902,203826
ACC,2021-12-30,2167.0,2171.949951,2153.199951,2163.25,216056
ACC,2021-12-31,2163.0,2238.5,2162.449951,2215.75,467894
ACC,2022-01-03,2220.199951,2259.550049,2214.149902,2251.350098,335699
ACC,2022-01-04,2258.0,2264.800049,2216.5,2224.300049,363436
ACC,2022-01-05,2225.0,2246.0,2220.100098,2241.300049,372959
ACC,2022-01-06,2230.0,2263.800049,2202.0,2227.300049,470965
ACC,2022-01-07,2234.0,2303.800049,2232.050049,2284.600098,573885
ACC,2022-01-10,2297.149902,2325.0,2278.550049,2320.149902,358989
ACC,2022-01-11,2327.0,2344.550049,2286.300049,2297.600098,289218
ACC,2022-01-12,2310.0,2328.800049,2273.0,2314.800049,380195
ACC,2022-01-13,2323.0,2325.449951,2298.100098,2314.149902,221162
ACC,2022-01-14,2319.899902,2374.0,2304.75,2358.100098,676328
ACC,2022-01-17,2364.0,2391.0,2301.0,2378.649902,490475
ACC,2022-01-18,2391.0,2392.899902,2240.350098,2253.25,691178
ACC,2022-01-19,2261.0,2262.800049,2219.199951,2231.800049,372235
ACC,2022-01-20,2230.0,2285.25,2230.0,2254.0,322553
ACC,2022-01-21,2240.0,2255.899902,2196.0,2215.75,238038
ACC,2022-01-24,2210.0,2219.649902,2148.350098,2167.449951,467114
ACC,2022-01-25,2160.100098,2192.600098,2120.050049,2179.949951,262179
ACC,2022-01-27,2156.0,2179.0,2127.649902,2167.699951,298193
ACC,2022-01-28,2179.899902,2238.550049,2173.850098,2215.949951,272371
ACC,2022-01-31,2230.399902,2292.699951,2227.0,2285.75,428789
ACC,2022-02-01,2300.050049,2355.0,2272.699951,2332.550049,491690
ACC,2022-02-02,2348.75,2350.050049,2300.0,2306.550049,274847
ACC,2022-02-03,2308.899902,2328.0,2286.25,2293.600098,253714
ACC,2022-02-04,2298.199951,2322.449951,2270.0,2274.75,184813
ACC,2022-02-07,2282.699951,2292.75,2239.25,2282.199951,201382
ACC,2022-02-08,2286.0,2310.0,2262.199951,2304.75,608392
ACC,2022-02-09,2317.300049,2338.800049,2290.199951,2310.300049,367725
ACC,2022-02-10,2280.0,2324.800049,2265.0,2303.550049,876424
ACC,2022-02-11,2290.0,2297.0,2240.0,2249.350098,359096
ACC,2022-02-14,2217.800049,2220.149902,2145.0,2153.899902,279841
ACC,2022-02-15,2156.5,2240.0,2156.5,2234.300049,259988
ACC,2022-02-16,2250.0,2266.25,2215.399902,2239.399902,218682
ACC,2022-02-17,2240.399902,2267.550049,2215.75,2226.850098,218668
ACC,2022-02-18,2208.75,2220.0,2172.0,2181.149902,295149
ACC,2022-02-21,2178.699951,2205.25,2151.0,2184.899902,291112
ACC,2022-02-22,2154.899902,2180.800049,2100.100098,2165.399902,323721
ACC,2022-02-23,2169.050049,2197.0,2143.699951,2151.300049,376034
ACC,2022-02-24,2085.100098,2120.649902,2002.0,2014.0,474202
ACC,2022-02-25,2045.0,2084.449951,2030.0,2059.550049,286586
ACC,2022-02-28,2044.0,2095.0,2020.349976,2089.149902,349612
ACC,2022-03-02,2073.800049,2099.949951,2043.0,2067.75,494931
ACC,2022-03-03,2088.0,2092.699951,1950.0,1956.0,728165
ACC,2022-03-04,1940.0,2020.0,1926.199951,2010.550049,801645
ACC,2022-03-07,1972.0,1978.0,1900.0,1950.150024,536549
ACC,2022-03-08,1940.0,1968.949951,1902.0,1962.099976,330394
ACC,2022-03-09,1976.0,2015.900024,1956.650024,2000.849976,419651
ACC,2022-03-10,2050.0,2073.949951,2001.0,2047.599976,315957
ACC,2022-03-11,2044.5,2061.850098,2016.0,2041.900024,372130
ACC,2022-03-14,2054.0,2065.0,2025.0,2058.050049,184932
ACC,2022-03-15,2070.0,2109.699951,2043.699951,2060.350098,358798
ACC,2022-03-16,2088.350098,2132.350098,2066.5,2129.149902,395803
ACC,2022-03-17,2166.0,2166.0,2118.0,2122.649902,820627
ACC,2022-03-21,2101.0,2141.75,2046.650024,2055.75,1043891
ACC,2022-03-22,2054.949951,2074.699951,2025.0,2058.300049,452916
ACC,2022-03-23,2064.100098,2086.0,2050.0,2069.75,232620
ACC,2022-03-24,2050.149902,2092.949951,2050.149902,2080.399902,294252
ACC,2022-03-25,2085.0,2090.899902,2049.050049,2064.199951,278510
ACC,2022-03-28,2081.350098,2081.350098,2039.050049,2059.649902,231188
ACC,2022-03-29,2073.0,2135.300049,2070.25,2128.550049,725118
ACC,2022-03-30,2140.0,2172.699951,2136.0,2150.899902,702919
ACC,2022-03-31,2154.800049,2170.300049,2143.25,2151.350098,464111
ACC,2022-04-01,2148.0,2160.0,2128.350098,2151.0,838234
ACC,2022-04-04,2110.0,2133.0,2102.050049,2119.449951,655757
ACC,2022-04-05,2134.800049,2158.0,2112.0,2149.649902,615501
ACC,2022-04-06,2149.649902,2199.0,2124.600098,2145.5,1082516
ACC,2022-04-07,2148.0,2180.0,2129.050049,2136.699951,420470
ACC,2022-04-08,2148.0,2181.0,2128.550049,2170.550049,861328
ACC,2022-04-11,2175.0,2284.600098,2163.649902,2232.899902,1935494
ACC,2022-04-12,2232.899902,2233.0,2169.899902,2181.399902,625499
ACC,2022-04-13,2188.0,2244.649902,2163.550049,2208.649902,753209
ACC,2022-04-18,2200.0,2248.899902,2147.649902,2155.199951,442194
ACC,2022-04-19,2158.100098,2174.600098,2023.550049,2056.5,824740
ACC,2022-04-20,2075.0,2221.75,2065.649902,2208.25,3687080
ACC,2022-04-21,2218.25,2275.0,2205.25,2270.100098,1491272
ACC,2022-04-22,2250.100098,2283.0,2237.199951,2263.25,558880
ACC,2022-04-25,2252.0,2319.5,2240.0,2262.050049,1075394
ACC,2022-04-26,2291.5,2337.949951,2268.0,2311.350098,733155
ACC,2022-04-27,2306.199951,2361.75,2263.050049,2349.899902,1043493
ACC,2022-04-28,2383.0,2387.149902,2314.050049,2376.75,995576
ACC,2022-04-29,2376.75,2397.0,2321.449951,2328.899902,784968
ACC,2022-05-02,2314.0,2358.300049,2309.699951,2347.199951,490846
ACC,2022-05-04,2350.0,2363.350098,2273.5,2300.100098,451428
ACC,2022-05-05,2325.0,2332.199951,2269.850098,2277.850098,395262
ACC,2022-05-06,2249.0,2274.899902,2232.350098,2245.449951,571407
ACC,2022-05-09,2221.0,2255.0,2201.5,2232.899902,323573
ACC,2022-05-10,2235.100098,2249.399902,2185.0,2198.550049,365873
ACC,2022-05-11,2203.0,2217.449951,2135.300049,2167.649902,546421
ACC,2022-05-12,2159.949951,2209.800049,2101.25,2177.399902,348099
ACC,2022-05-13,2195.0,2196.699951,2099.050049,2113.300049,431751
ACC,2022-05-16,2140.0,2287.699951,2140.0,2196.199951,3304245
ACC,2022-05-17,2220.0,2255.0,2182.550049,2225.850098,1060771
ACC,2022-05-18,2249.0,2252.0,2218.199951,2236.649902,851138
ACC,2022-05-19,2198.199951,2255.0,2192.75,2231.0,600776
ACC,2022-05-20,2250.899902,2274.399902,2234.550049,2239.399902,514340
ACC,2022-05-23,2260.0,2265.75,2208.149902,2213.399902,345694
ACC,2022-05-24,2213.0,2236.449951,2199.050049,2210.949951,267961
ACC,2022-05-25,2217.0,2224.649902,2182.5,2186.100098,236264
ACC,2022-05-26,2194.899902,2214.0,2165.0,2208.0,309697
ACC,2022-05-27,2218.949951,2218.949951,2190.449951,2198.050049,215682
ACC,2022-05-30,2208.0,2217.350098,2196.149902,2208.350098,625645
ACC,2022-05-31,2214.899902,2230.0,2190.350098,2198.399902,590767
ACC,2022-06-01,2205.899902,2214.800049,2182.5,2195.850098,394675
ACC,2022-06-02,2190.0,2211.649902,2186.050049,2198.75,195697
ACC,2022-06-03,2205.5,2216.850098,2122.199951,2133.100098,715122
ACC,2022-06-06,2144.899902,2167.5,2130.550049,2138.25,374121
ACC,2022-06-07,2133.0,2148.899902,2088.0,2138.350098,1062704
ACC,2022-06-08,2145.0,2148.25,2113.600098,2135.5,490375
ACC,2022-06-09,2130.5,2150.0,2122.699951,2138.100098,335166
ACC,2022-06-10,2134.550049,2153.949951,2112.0,2135.399902,283855
ACC,2022-06-13,2117.0,2129.0,2098.699951,2121.25,231725
ACC,2022-06-14,2112.149902,2130.0,2101.949951,2116.100098,302507
ACC,2022-06-15,2120.0,2131.0,2112.100098,2122.649902,205602
ACC,2022-06-16,2135.399902,2139.899902,2079.649902,2084.25,253721
ACC,2022-06-17,2075.600098,2108.300049,2047.099976,2055.100098,492761
ACC,2022-06-20,2055.0,2085.550049,2047.150024,2060.399902,446187
ACC,2022-06-21,2067.0,2090.050049,2058.050049,2086.25,290807
ACC,2022-06-22,2085.0,2085.899902,2053.949951,2062.300049,403380
ACC,2022-06-23,2062.100098,2097.850098,2062.100098,2090.399902,149241
ACC,2022-06-24,2100.0,2116.199951,2090.649902,2098.199951,236889
ACC,2022-06-27,2114.949951,2128.199951,2103.0,2115.850098,235386
ACC,2022-06-28,2111.149902,2134.199951,2102.800049,2128.0,137952
ACC,2022-06-29,2118.0,2160.0,2118.0,2155.25,548808
ACC,2022-06-30,2151.949951,2156.0,2118.0,2121.949951,307330
ACC,2022-07-01,2122.949951,2174.0,2122.949951,2167.100098,284645
ACC,2022-07-04,2170.899902,2186.899902,2154.100098,2164.600098,169527
ACC,2022-07-05,2156.0,2178.800049,2144.050049,2148.050049,163386
ACC,2022-07-06,2148.050049,2179.899902,2148.0,2174.350098,123949
ACC,2022-07-07,2188.0,2188.0,2157.300049,2168.350098,89864
ACC,2022-07-08,2175.0,2201.100098,2159.850098,2169.350098,240521
ACC,2022-07-11,2164.399902,2191.800049,2136.899902,2184.300049,282881
ACC,2022-07-12,2181.0,2182.600098,2156.0,2167.25,261604
ACC,2022-07-13,2177.0,2186.899902,2164.0,2173.550049,218371
ACC,2022-07-14,2178.0,2191.149902,2148.0,2160.300049,245807
ACC,2022-07-15,2132.050049,2159.0,2111.0,2140.350098,1004798
ACC,2022-07-18,2160.949951,2179.899902,2152.0,2174.0,296459
ACC,2022-07-19,2170.0,2184.899902,2100.350098,2168.800049,202603
ACC,2022-07-20,2175.0,2179.600098,2149.600098,2158.899902,252406
ACC,2022-07-21,2159.0,2179.899902,2155.5,2174.550049,408365
ACC,2022-07-22,2175.0,2200.399902,2160.0,2191.949951,594869
ACC,2022-07-25,2198.899902,2213.0,2176.899902,2204.449951,379605
ACC,2022-07-26,2200.0,2209.949951,2171.550049,2179.699951,232655
ACC,2022-07-27,2180.0,2197.649902,2162.0,2190.25,348755
ACC,2022-07-28,2204.899902,2204.899902,2176.5,2180.75,249369
ACC,2022-07-29,2195.0,2238.899902,2188.0,2227.399902,418157
ACC,2022-08-01,2232.0,2234.0,2208.800049,2226.550049,286221
ACC,2022-08-02,2235.399902,2262.600098,2215.0,2227.649902,563363
ACC,2022-08-03,2233.949951,2241.550049,2204.199951,2236.399902,288612
ACC,2022-08-04,2250.0,2250.0,2194.850098,2222.300049,437800
ACC,2022-08-05,2230.149902,2259.0,2218.600098,2254.800049,291021
ACC,2022-08-08,2260.0,2271.0,2220.300049,2224.600098,323076
ACC,2022-08-10,2224.550049,2234.800049,2214.5,2227.0,200902
ACC,2022-08-11,2240.0,2242.600098,2221.449951,2228.899902,158170
ACC,2022-08-12,2225.0,2245.800049,2213.550049,2227.600098,187340
ACC,2022-08-16,2248.0,2278.0,2239.199951,2271.350098,407096
ACC,2022-08-17,2280.0,2307.350098,2272.0,2283.149902,465269
ACC,2022-08-18,2280.0,2334.800049,2275.199951,2322.850098,512571
ACC,2022-08-19,2330.100098,2367.75,2271.949951,2350.850098,822726
ACC,2022-08-22,2359.949951,2359.949951,2277.050049,2282.949951,517330
ACC,2022-08-23,2264.600098,2315.899902,2264.600098,2296.050049,406760
ACC,2022-08-24,2296.0,2310.0,2280.550049,2301.649902,363437
ACC,2022-08-25,2306.5,2309.0,2281.149902,2284.199951,306034
ACC,2022-08-26,2289.0,2306.149902,2277.550049,2285.5,582197
ACC,2022-08-29,2274.0,2298.0,2271.100098,2288.600098,360252
ACC,2022-08-30,2299.699951,2304.75,2285.25,2299.699951,915785
ACC,2022-09-01,2294.699951,2314.350098,2290.0,2296.350098,282890
ACC,2022-09-02,2305.0,2307.350098,2276.199951,2290.050049,1374277
ACC,2022-09-05,2303.899902,2305.0,2285.0,2288.149902,245656
ACC,2022-09-06,2297.0,2354.899902,2280.399902,2329.949951,1018694
ACC,2022-09-07,2340.0,2446.949951,2329.0,2405.350098,2631230
ACC,2022-09-08,2420.850098,2452.5,2405.0,2421.149902,1047830
ACC,2022-09-09,2448.0,2507.949951,2352.050049,2365.600098,1690337
ACC,2022-09-12,2375.0,2514.649902,2340.25,2500.850098,1990854
ACC,2022-09-13,2513.399902,2592.949951,2510.100098,2572.800049,2058195
ACC,2022-09-14,2550.050049,2785.0,2541.100098,2743.199951,4456168
ACC,2022-09-15,2770.050049,2775.850098,2683.0,2747.699951,2083853
ACC,2022-09-16,2750.0,2755.0,2558.25,2611.5,2154427
ACC,2022-09-19,2624.0,2721.899902,2577.0,2641.100098,3716139
ACC,2022-09-20,2674.399902,2762.0,2656.0,2725.600098,1961065
ACC,2022-09-21,2703.899902,2714.0,2523.100098,2531.199951,2989063
ACC,2022-09-22,2505.0,2578.899902,2461.199951,2555.699951,2337503
ACC,2022-09-23,2575.0,2585.5,2472.199951,2488.899902,1396618
ACC,2022-09-26,2460.0,2476.0,2350.0,2378.25,1687672
ACC,2022-09-27,2390.0,2404.699951,2313.100098,2373.449951,1483769
ACC,2022-09-28,2354.0,2409.0,2325.600098,2350.300049,1257484
ACC,2022-09-29,2370.0,2385.0,2321.300049,2374.050049,1159023
ACC,2022-09-30,2370.0,2428.0,2360.399902,2415.649902,896917
ACC,2022-10-03,2419.800049,2434.899902,2288.0,2301.300049,1166442
ACC,2022-10-04,2355.0,2373.300049,2288.050049,2359.649902,714858
ACC,2022-10-06,2371.449951,2397.75,2344.0,2381.75,690259
ACC,2022-10-07,2370.149902,2400.0,2350.0,2384.75,567262
ACC,2022-10-10,2350.0,2399.899902,2350.0,2369.25,383666
ACC,2022-10-11,2375.050049,2376.75,2305.699951,2311.649902,380893
ACC,2022-10-12,2318.0,2339.399902,2282.100098,2316.800049,611941
ACC,2022-10-13,2316.0,2318.0,2242.899902,2253.899902,528138
ACC,2022-10-14,2272.0,2285.949951,2237.050049,2243.649902,446497
ACC,2022-10-17,2232.0,2285.050049,2205.300049,2270.100098,1512370
ACC,2022-10-18,2259.0,2293.199951,2216.0,2219.25,1189726
ACC,2022-10-19,2219.0,2258.399902,2212.550049,2246.449951,724058
ACC,2022-10-20,2230.0,2299.0,2227.949951,2287.600098,713402
ACC,2022-10-21,2271.0,2300.0,2241.050049,2256.550049,389554
ACC,2022-10-24,2265.25,2279.850098,2252.300049,2257.100098,46329
ACC,2022-10-25,2260.050049,2278.899902,2242.800049,2247.5,383657
ACC,2022-10-27,2275.0,2318.0,2250.399902,2313.0,561435
ACC,2022-10-28,2315.0,2330.0,2284.0,2324.449951,650727
ACC,2022-10-31,2347.399902,2397.899902,2327.899902,2390.300049,584214
ACC,2022-11-01,2399.0,2436.399902,2386.550049,2428.050049,726935
ACC,2022-11-02,2430.0,2453.050049,2415.0,2440.0,460821
ACC,2022-11-03,2410.0,2473.550049,2410.0,2455.350098,406672
ACC,2022-11-04,2462.0,2514.949951,2459.300049,2480.699951,585433
ACC,2022-11-07,2486.5,2504.300049,2452.149902,2484.949951,470005
ACC,2022-11-09,2484.949951,2505.0,2424.949951,2438.350098,675313
ACC,2022-11-10,2428.0,2464.0,2378.75,2392.25,513144
ACC,2022-11-11,2424.800049,2433.75,2383.0,2390.649902,276834
ACC,2022-11-14,2400.0,2456.699951,2379.0,2435.449951,557530
ACC,2022-11-15,2447.649902,2514.75,2442.100098,2478.649902,1003908
